,round0,round1
linear.weight,,"tensor([[ 0.0000e+00,  0.0000e+00,  0.0000e+00,  0.0000e+00,  0.0000e+00,
          0.0000e+00,  0.0000e+00,  0.0000e+00,  0.0000e+00,  0.0000e+00,
          0.0000e+00,  0.0000e+00,  3.4873e-03,  4.5475e-03,  3.2229e-03,
          3.1347e-03,  0.0000e+00,  0.0000e+00,  0.0000e+00,  0.0000e+00,
          0.0000e+00,  0.0000e+00,  0.0000e+00,  0.0000e+00,  0.0000e+00,
          0.0000e+00,  0.0000e+00,  0.0000e+00,  0.0000e+00,  0.0000e+00,
          0.0000e+00,  0.0000e+00,  3.1775e-03,  4.9059e-03,  7.3136e-03,
          9.7102e-03,  1.2515e-02,  1.6403e-02,  2.0905e-02,  2.5778e-02,
          2.7313e-02,  2.7547e-02,  2.8238e-02,  2.5268e-02,  1.6199e-02,
          1.7762e-02,  1.9270e-02,  1.5835e-02,  1.3767e-02,  8.6955e-03,
          6.5807e-03,  3.4612e-03,  0.0000e+00,  0.0000e+00,  0.0000e+00,
          0.0000e+00,  0.0000e+00,  0.0000e+00,  3.2167e-03,  3.7990e-01,
          2.7487e-02, -2.8940e-03,  9.2876e-03,  1.9519e-02,  2.0772e-02,
          1.0352e-02,  5.7117e-03,  1.3737e-02,  3.5334e-02,  5.8449e-02,
          5.9608e-02,  5.9790e-02,  5.6779e-02,  7.2637e-02,  8.1730e-02,
          7.5560e-02,  5.8494e-02,  4.7554e-02,  3.3051e-02,  1.8119e-02,
         -1.9460e-02, -3.8721e-02,  0.0000e+00,  0.0000e+00,  0.0000e+00,
          0.0000e+00,  4.1826e-03,  2.2251e-01,  5.5892e-02, -1.7034e-02,
         -8.0965e-03, -1.2850e-02, -2.2876e-02, -3.9248e-02, -2.6347e-03,
          9.8207e-03, -2.4080e-02,  1.3052e-02,  5.2221e-02,  6.2329e-02,
         -1.8098e-03, -1.2581e-02,  2.4129e-02,  6.5855e-02,  2.4111e-02,
          6.2941e-02,  8.7759e-02,  3.6506e-03, -7.2033e-03, -1.0050e-02,
          5.1245e-03,  0.0000e+00,  0.0000e+00,  3.2077e-03,  5.9367e-03,
          2.4930e-02,  6.4947e-03, -1.4370e-02, -1.1159e-03, -1.7010e-02,
         -4.5451e-02, -4.5753e-02, -7.4151e-02, -7.6675e-02, -5.7886e-02,
         -2.4927e-02, -1.2545e-02,  3.2566e-02, -1.2589e-02, -2.9291e-04,
          1.4654e-02,  6.1616e-02,  4.4043e-02,  7.8602e-02,  5.6405e-02,
          1.5398e-02,  2.7296e-02,  5.6645e-03, -1.4591e-02,  4.5516e-03,
          0.0000e+00,  2.8855e-03,  9.5808e-03,  1.8769e-02, -4.4749e-02,
         -2.7319e-02, -3.8523e-02, -5.1884e-02, -6.0291e-02, -6.5707e-02,
         -6.5360e-02, -7.3852e-02, -4.1740e-02, -2.4085e-02, -8.8544e-03,
         -1.0383e-02, -1.4502e-02, -5.5387e-03,  1.6542e-02,  3.3856e-02,
          3.3375e-02,  9.2107e-03, -1.3135e-02, -4.4653e-02, -2.1409e-02,
          1.0889e-02,  1.3927e-02,  6.4826e-03,  0.0000e+00,  4.2670e-03,
         -1.2765e-02,  7.1378e-03, -3.6533e-02, -4.6059e-02, -7.1765e-02,
         -7.1214e-02, -6.1752e-02, -8.7323e-02, -9.7391e-02, -8.6192e-02,
         -5.5135e-02, -4.5660e-02, -3.4247e-02, -2.4145e-02,  6.3393e-03,
          3.9438e-02,  1.5076e-02,  8.9992e-03,  2.2275e-04, -1.0445e-02,
         -2.1829e-02, -9.7622e-02, -4.8184e-02,  2.4889e-02,  4.0549e-02,
          1.3164e-02,  3.2119e-03,  1.1126e-02, -9.7056e-03,  1.7038e-02,
         -9.5102e-04, -5.0619e-02, -6.0436e-02, -4.7769e-02, -4.3763e-02,
         -6.9571e-02, -5.6066e-02, -4.0420e-02, -3.0779e-03,  3.4601e-02,
          9.1922e-02,  1.2522e-01,  8.5874e-02,  1.1861e-01,  7.3756e-02,
          6.6793e-02,  2.4380e-02, -9.9521e-03, -4.3402e-02, -2.8916e-02,
          1.8876e-02,  7.3034e-02,  4.2996e-02,  1.3290e-02,  3.9709e-03,
          1.5227e-02,  2.3583e-02,  2.8150e-02, -1.7443e-03, -3.0733e-02,
         -4.2684e-02, -7.9380e-04, -2.5160e-03, -1.0645e-03,  2.5784e-02,
          3.4617e-02,  5.8878e-02,  1.1621e-01,  1.6881e-01,  2.1375e-01,
          1.6974e-01,  1.4322e-01,  1.1428e-01,  1.0021e-01,  4.2503e-02,
         -2.0377e-02, -4.3951e-02,  1.2500e-02,  8.2327e-02,  1.0615e-01,
          4.7142e-02,  1.1855e-02,  5.9063e-03,  1.9207e-02,  3.6508e-02,
          9.7890e-03, -3.8419e-03, -3.7891e-03, -1.9517e-03,  4.9068e-02,
          8.2221e-02,  9.4336e-02,  1.0524e-01,  1.2177e-01,  1.3947e-01,
          1.5391e-01,  1.3848e-01,  1.2259e-01,  8.7592e-02,  1.1306e-01,
          1.1734e-01,  5.4870e-02,  4.4855e-02,  2.1705e-03,  3.8270e-02,
          8.2628e-02,  1.2502e-01,  1.0226e-01,  4.1052e-02,  1.2726e-02,
          6.0147e-03,  1.9550e-02,  4.9068e-02,  5.7312e-03,  4.5054e-03,
          2.5010e-02,  6.9220e-02,  1.0262e-01,  1.2162e-01,  1.5917e-01,
          1.1712e-01,  1.3075e-01,  1.3198e-01,  9.7647e-02,  4.0925e-03,
         -3.3173e-02, -2.4443e-02,  6.1831e-02,  5.3936e-02,  4.6261e-02,
          7.0804e-02,  5.5794e-02,  1.5965e-01,  1.6678e-01,  1.2493e-01,
          4.8682e-02,  3.2216e-02,  1.1222e-02,  6.0677e-03,  1.6667e-02,
          1.5658e-02,  2.1001e-02,  2.2639e-02,  5.8965e-02,  1.0823e-01,
          1.4349e-01,  1.6581e-01,  1.5688e-01,  1.1286e-01,  1.1714e-01,
          8.3213e-02,  5.7435e-03, -1.3694e-01, -2.2292e-01, -1.6017e-01,
         -4.9377e-02, -6.9400e-03,  5.0994e-02,  8.8692e-02,  1.2762e-01,
          2.1697e-01,  2.2033e-01,  1.1254e-01, -1.8777e-02,  2.4641e-02,
          8.1810e-03,  4.1904e-03,  3.5747e-03,  1.9718e-02,  4.4031e-02,
          4.0620e-02,  9.1779e-02,  8.9421e-02,  1.1930e-01,  1.1261e-01,
          8.7455e-02,  6.7874e-02,  1.1114e-01,  9.7273e-02, -5.2450e-02,
         -2.3133e-01, -2.5842e-01, -2.3353e-01, -1.4582e-01, -7.3156e-02,
          7.6322e-03,  1.0422e-01,  1.6308e-01,  2.2961e-01,  1.9436e-01,
          9.2141e-02, -3.2876e-02,  1.8108e-02,  2.3034e-03,  3.2035e-03,
         -2.1151e-02,  9.2695e-03,  2.8542e-02,  1.6970e-02,  5.8540e-02,
          2.9893e-02,  5.4457e-02,  4.8474e-02,  5.4499e-02,  1.0080e-01,
          1.2934e-01,  3.4909e-02, -1.4901e-01, -2.2985e-01, -2.2488e-01,
         -2.6182e-01, -1.9815e-01, -1.3935e-01, -5.8869e-02,  3.6164e-02,
          1.2246e-01,  1.3629e-01,  1.2216e-01,  4.6163e-02, -3.3239e-02,
         -4.7809e-03, -2.9533e-02,  3.2225e-03, -2.4460e-02, -5.4505e-03,
         -2.6553e-02, -4.2279e-02,  9.9828e-03, -2.5841e-02, -2.1345e-03,
          1.5334e-02,  6.4988e-02,  1.0265e-01,  7.4220e-02, -4.6824e-02,
         -1.7630e-01, -1.8155e-01, -1.7687e-01, -2.1774e-01, -1.4821e-01,
         -1.5390e-01, -1.0699e-01, -2.6150e-03,  7.1702e-02,  6.5375e-02,
          4.8220e-02,  6.1581e-03, -1.1827e-02,  1.0237e-03, -2.5436e-02,
          3.7479e-03,  1.6852e-03, -3.1816e-02, -1.0737e-01, -7.9859e-02,
         -2.1826e-02, -5.3891e-02, -3.1093e-02, -3.5778e-03,  4.2920e-02,
          5.8909e-02, -8.6419e-03, -1.1810e-01, -2.4248e-01, -2.3686e-01,
         -1.7978e-01, -1.7745e-01, -1.4525e-01, -1.1268e-01, -1.0113e-01,
          1.7917e-02,  5.5827e-02,  2.5747e-02,  5.1146e-02,  2.0909e-02,
         -6.5528e-02, -3.5726e-02, -2.4754e-02,  3.2088e-03,  1.9474e-02,
         -3.7596e-02, -8.2621e-02, -3.4841e-02, -1.0906e-02, -4.1510e-02,
         -9.7437e-03, -2.2788e-02,  3.8902e-02,  2.7888e-02, -3.7610e-02,
         -1.6248e-01, -2.7971e-01, -2.4641e-01, -1.7132e-01, -1.7233e-01,
         -1.1839e-01, -9.1654e-02, -8.0031e-02,  3.6113e-02,  3.4046e-02,
          7.9887e-03,  1.9596e-02,  6.3328e-03, -8.3830e-02, -3.9904e-02,
         -1.0766e-03,  0.0000e+00,  6.9353e-03, -1.2200e-02, -5.7941e-02,
         -6.6459e-02, -1.6839e-02,  3.9749e-03,  4.2329e-02,  3.9544e-02,
          8.0809e-02,  6.2533e-02, -3.1485e-02, -1.5657e-01, -2.6978e-01,
         -2.0601e-01, -1.3701e-01, -1.1090e-01, -5.1596e-02, -7.3751e-02,
         -4.1829e-02,  5.2542e-02,  2.7709e-03, -2.9007e-02, -4.3029e-02,
         -4.7278e-02, -6.3083e-02, -3.7306e-03,  1.3363e-03,  4.6570e-03,
          5.9665e-03, -9.4179e-03, -5.1280e-02, -5.5831e-02, -2.0011e-02,
          1.9409e-02,  4.8325e-02,  8.6624e-02,  1.3415e-01,  1.1220e-01,
          9.7198e-03, -8.4246e-02, -1.5610e-01, -1.1018e-01, -7.4311e-02,
         -4.6364e-02, -3.3182e-02, -2.8554e-02, -7.3389e-03,  3.8822e-02,
         -2.3366e-02, -4.1805e-02, -7.4632e-02, -5.3861e-02, -5.9215e-02,
         -3.9439e-02, -6.2291e-02,  3.1741e-03,  8.1279e-03,  8.2072e-05,
         -5.9457e-02, -6.4980e-02, -2.4439e-02,  6.6918e-03,  2.7561e-02,
          1.1118e-01,  1.5800e-01,  1.8702e-01,  1.5751e-01,  6.9933e-02,
          1.7658e-02, -1.4276e-02, -4.7810e-02, -3.2046e-02, -3.9711e-02,
         -2.0194e-02, -1.7729e-03, -1.2196e-02, -6.6260e-02, -4.6875e-02,
         -5.1088e-02, -2.7901e-02, -4.6435e-02, -5.3103e-02, -3.6188e-02,
          0.0000e+00,  1.1063e-03,  1.4646e-02, -6.1406e-02, -7.5189e-02,
         -6.1860e-02, -3.1420e-02, -1.5024e-02,  1.4483e-02,  9.2538e-02,
          1.5267e-01,  1.7946e-01,  1.7937e-01,  8.1783e-02, -1.0608e-02,
          8.5159e-03, -2.5917e-02, -3.1740e-02, -7.8791e-02, -4.0359e-02,
         -4.8234e-02, -4.2770e-02,  2.2956e-03, -1.8598e-02, -1.9902e-02,
         -5.5167e-03, -1.0198e-02, -2.3483e-02,  3.2036e-03, -5.3504e-03,
          1.4310e-02, -7.0248e-02, -3.7792e-02, -4.4192e-02, -4.2220e-02,
         -2.4917e-02, -1.0416e-02, -7.8253e-03,  7.2476e-02,  1.4023e-01,
          1.7476e-01,  9.2867e-02,  4.6016e-02,  2.5171e-02, -1.0763e-02,
         -6.8849e-02, -8.2077e-02, -6.3627e-02, -3.7611e-02,  2.4298e-03,
         -8.7186e-03, -1.4974e-02, -1.8676e-02, -2.3140e-02, -3.6522e-02,
          3.2082e-03,  3.2027e-03,  3.9120e-04,  3.2710e-03, -6.9321e-02,
         -9.4002e-02, -1.5236e-02, -9.3679e-03, -1.4842e-02,  2.3263e-02,
         -1.9175e-02, -6.5610e-03,  7.1781e-02,  1.0738e-01,  1.0006e-01,
          9.0509e-02,  4.4946e-02, -5.1376e-03, -2.4514e-02, -4.1871e-02,
         -6.2739e-03,  5.5418e-03, -2.2021e-02, -1.9652e-02,  6.7111e-03,
          1.5719e-02, -1.0814e-02, -3.1157e-02,  3.2182e-03,  0.0000e+00,
          2.8854e-03,  3.6331e-03, -5.5368e-02, -4.6035e-02, -3.4269e-02,
         -2.0813e-02, -5.2090e-03,  1.8776e-02,  5.2494e-02,  5.1230e-02,
          7.0277e-02,  8.6300e-02,  1.0300e-01,  7.6162e-02,  5.4126e-02,
          1.7448e-02,  1.3162e-02, -1.8958e-02, -1.8861e-02, -4.4993e-02,
         -7.3888e-02, -4.3487e-02, -2.0128e-02, -1.5147e-02, -1.1031e-02,
          7.3201e-03,  0.0000e+00,  0.0000e+00,  0.0000e+00,  7.5614e-03,
         -1.9595e-02,  5.2998e-02,  1.2445e-02, -3.3310e-02, -2.1118e-02,
         -1.8092e-02,  2.1665e-02,  2.4977e-02,  2.2681e-02,  5.0178e-02,
          3.7293e-02,  3.1437e-02,  3.2245e-02,  4.4194e-02,  3.6165e-02,
          4.6704e-02,  3.5867e-02, -4.0722e-03, -2.0070e-02, -3.4197e-02,
         -9.4285e-03, -1.0535e-02,  8.7667e-03,  3.1789e-03,  0.0000e+00,
          0.0000e+00,  0.0000e+00,  5.2486e-03, -4.2797e-03, -4.3306e-03,
         -4.2390e-03, -3.1053e-03,  4.2539e-02,  6.1031e-02,  6.4077e-02,
          7.2641e-02,  1.0402e-01,  1.2100e-01,  8.5549e-02,  5.2119e-02,
          5.7949e-02,  7.2996e-02,  5.7147e-02,  5.2375e-02,  5.4067e-02,
          4.9439e-02,  3.5518e-02,  3.3992e-02,  2.3252e-02,  1.2876e-02,
          5.1033e-03,  2.6405e-03,  0.0000e+00,  0.0000e+00,  0.0000e+00,
          0.0000e+00,  3.2077e-03,  1.2192e-02,  2.6458e-02,  4.5232e-02,
          6.7089e-02,  9.1266e-02,  1.0859e-01,  1.1972e-01,  1.3443e-01,
          1.4346e-01,  1.4415e-01,  1.3414e-01,  1.1600e-01,  9.7011e-02,
          7.6867e-02,  6.1233e-02,  5.2762e-02,  4.4904e-02,  3.1270e-02,
          1.9030e-02,  1.0945e-02,  5.1541e-03,  3.2158e-03,  0.0000e+00,
          0.0000e+00,  0.0000e+00,  0.0000e+00,  0.0000e+00,  0.0000e+00,
          4.5698e-03,  7.1588e-03,  1.2766e-02,  1.8241e-02,  2.2245e-02,
          2.6628e-02,  3.5801e-02,  3.8970e-02,  4.4096e-02,  4.7481e-02,
          5.0912e-02,  4.7960e-02,  4.3355e-02,  3.5995e-02,  2.8160e-02,
          1.9984e-02,  1.4310e-02,  9.0852e-03,  7.1218e-03,  4.5513e-03,
          0.0000e+00,  0.0000e+00,  0.0000e+00,  0.0000e+00],
        [ 0.0000e+00,  0.0000e+00,  0.0000e+00,  0.0000e+00,  0.0000e+00,
          0.0000e+00,  0.0000e+00,  0.0000e+00,  0.0000e+00,  0.0000e+00,
          0.0000e+00,  0.0000e+00,  4.8840e-03,  6.3418e-03,  4.4674e-03,
          4.3452e-03,  0.0000e+00,  0.0000e+00,  0.0000e+00,  0.0000e+00,
          0.0000e+00,  0.0000e+00,  0.0000e+00,  0.0000e+00,  0.0000e+00,
          0.0000e+00,  0.0000e+00,  0.0000e+00,  0.0000e+00,  0.0000e+00,
          0.0000e+00,  0.0000e+00,  4.4540e-03,  6.8765e-03,  1.0252e-02,
          1.3611e-02,  1.7543e-02,  2.2993e-02,  2.9303e-02,  3.6133e-02,
          3.8285e-02,  3.8608e-02,  3.9574e-02,  1.9800e-02, -6.1700e-02,
         -1.7781e-02,  2.5218e-02,  2.2197e-02,  1.9298e-02,  1.2189e-02,
          9.2243e-03,  4.8517e-03,  0.0000e+00,  0.0000e+00,  0.0000e+00,
          0.0000e+00,  0.0000e+00,  0.0000e+00,  4.5090e-03, -2.6151e-02,
          7.6666e-03, -2.2513e-02, -4.6876e-03, -6.6411e-03,  3.3071e-02,
          4.4287e-02,  3.4859e-02,  3.6306e-02,  6.1716e-02,  7.7671e-02,
          1.0858e-01,  1.3937e-01,  9.8009e-02,  9.3115e-02,  1.1147e-01,
          1.1487e-01,  8.8395e-02,  6.6796e-02,  4.6329e-02,  2.5344e-02,
         -2.8144e-02, -5.5545e-02,  0.0000e+00,  0.0000e+00,  0.0000e+00,
          0.0000e+00,  4.4674e-03, -8.5839e-03,  1.1796e-02,  1.2150e-02,
          1.3492e-02, -2.2561e-02, -3.1213e-02, -4.1765e-02, -6.7394e-02,
         -8.4363e-02, -5.9093e-02,  9.9678e-03,  6.6256e-02,  1.8812e-02,
         -4.4130e-03,  2.3938e-03,  8.1940e-02,  7.5455e-02,  4.6718e-02,
          6.9566e-03, -8.4509e-03, -2.2429e-02, -1.2799e-02, -1.4743e-02,
          7.1831e-03,  0.0000e+00,  0.0000e+00,  4.4963e-03,  3.5450e-03,
         -2.7739e-02, -6.1327e-02, -3.1451e-02, -1.9203e-02, -3.2691e-02,
         -4.2856e-02, -5.9670e-02, -6.4027e-02, -9.9705e-02, -7.6592e-02,
         -4.3997e-02, -5.7312e-03, -1.1852e-02, -4.5872e-02, -2.1569e-02,
          3.5267e-02,  7.7802e-02,  7.0774e-02,  6.1806e-02,  8.7033e-02,
          1.0654e-01, -5.2807e-03,  1.3691e-02,  5.0296e-03,  6.3801e-03,
          0.0000e+00,  4.4783e-03,  1.3456e-02,  4.2850e-02, -3.4111e-02,
          3.1300e-02,  3.1939e-02,  2.7714e-03, -5.8265e-02, -7.8443e-02,
         -9.2853e-02, -1.3541e-01, -1.3113e-01, -1.1761e-01, -1.0124e-01,
         -6.4634e-02, -7.1051e-02, -4.5502e-02, -2.1013e-02,  6.0930e-02,
          6.4090e-02,  3.3630e-02,  5.9386e-02,  3.4895e-02, -2.7573e-02,
         -4.9285e-03,  3.2616e-02,  9.0868e-03,  0.0000e+00,  5.9812e-03,
          7.4284e-03,  2.0362e-02, -2.2981e-02, -9.6319e-03,  1.0961e-02,
         -4.0679e-03, -5.4297e-02, -1.2402e-01, -1.3225e-01, -1.6585e-01,
         -1.1963e-01, -1.2053e-01, -1.3370e-01, -3.6176e-02, -7.9522e-02,
         -4.2096e-02, -2.0418e-03,  2.1889e-02,  7.5103e-03, -6.5137e-03,
         -1.8936e-02, -1.9439e-02,  1.3750e-02,  4.4581e-02,  5.6976e-02,
          7.0923e-03,  4.5023e-03,  1.5595e-02,  2.1285e-02, -2.6338e-02,
         -3.4737e-02, -2.9051e-02, -3.0959e-02, -4.4143e-02, -6.0325e-02,
         -8.4095e-02, -9.0597e-02, -8.8789e-02, -2.9135e-02, -3.1121e-03,
          6.5892e-03,  8.1543e-02,  2.2170e-03, -2.6462e-02,  2.5612e-02,
          4.5813e-02,  7.1398e-03, -8.0294e-03, -6.5032e-03,  5.1306e-02,
          5.3641e-02,  8.0158e-02,  6.4714e-02, -5.3024e-03,  5.5660e-03,
          2.1344e-02,  4.7718e-02, -1.7760e-02, -3.9742e-02, -1.8620e-02,
         -3.5780e-02, -3.6940e-02, -2.4082e-02, -2.0986e-02, -1.4406e-02,
          4.7485e-02,  8.2786e-02,  1.1682e-01,  1.2081e-01,  1.3082e-01,
          3.4590e-02, -5.9528e-04,  5.1116e-02,  2.5354e-02, -5.1515e-02,
         -3.0975e-02, -8.0478e-03,  3.5243e-02,  7.5669e-02,  1.0959e-01,
          6.6641e-02,  1.6617e-02,  8.2788e-03,  2.6923e-02,  5.5470e-02,
          5.4806e-03, -6.3681e-03, -7.6659e-03, -8.6677e-04,  3.2984e-02,
          4.7660e-02,  5.5266e-02,  7.3366e-02,  1.4587e-01,  1.6843e-01,
          1.7418e-01,  1.5192e-01,  1.1672e-01,  5.6295e-03,  2.7280e-03,
          1.5228e-02, -3.0342e-02, -6.2175e-02, -5.4202e-02, -2.7565e-02,
          2.0337e-02,  8.0821e-02,  1.0934e-01,  5.8558e-02,  1.7839e-02,
          8.4309e-03,  2.7404e-02,  3.8242e-02,  3.0766e-02,  1.2694e-02,
          1.8671e-02,  4.3683e-02,  8.2303e-02,  8.9427e-02,  8.0641e-02,
          7.2699e-02,  1.2359e-01,  1.3220e-01,  1.5536e-01,  1.5896e-01,
          1.2137e-01, -3.0301e-02, -8.4178e-02, -8.2277e-02, -3.5541e-02,
         -5.7271e-02, -4.4333e-02, -3.6025e-02, -1.1656e-02,  4.0857e-02,
          7.1404e-02,  4.6170e-02,  1.5731e-02,  8.5052e-03,  2.4525e-02,
          2.4688e-02,  5.2405e-02,  3.8702e-02,  3.4627e-02,  5.9381e-02,
          9.6914e-02,  8.2358e-02,  5.0469e-02,  1.3212e-02, -1.1996e-02,
          1.0913e-02,  7.8697e-02,  2.0119e-01,  1.2114e-01, -7.6633e-02,
         -1.6318e-01, -4.8574e-02, -1.2634e-02,  1.0309e-02,  9.0812e-03,
         -2.2604e-02, -1.9858e-02, -2.7492e-02,  2.9158e-02,  3.4539e-02,
          1.1467e-02,  5.8738e-03,  1.7281e-02,  4.0677e-02,  6.4384e-02,
          3.0210e-02,  3.6010e-03,  5.4742e-02,  7.8259e-02,  2.0979e-02,
         -3.9773e-02, -8.9851e-02, -9.0531e-02, -3.7968e-02,  9.3858e-02,
          2.6061e-01,  1.6078e-01, -8.8081e-02, -1.6188e-01,  4.6358e-03,
          6.7979e-02,  5.7635e-02,  1.9659e-02, -1.9815e-03, -2.4846e-02,
         -5.9818e-02, -1.9960e-03,  2.5382e-02,  5.7207e-03,  4.4906e-03,
          9.2422e-04,  3.0645e-02,  6.3581e-02,  2.5017e-02, -1.3857e-02,
          7.8005e-03, -4.5385e-03, -4.7551e-02, -1.1319e-01, -1.5607e-01,
         -1.4395e-01, -7.0126e-02,  1.6747e-01,  2.6771e-01,  1.7008e-01,
         -1.1089e-01, -1.2130e-01,  2.0237e-02,  7.4860e-02,  3.8572e-02,
          9.6768e-03,  8.3802e-03, -3.5052e-02, -4.8039e-02, -9.2264e-03,
          3.7375e-03, -2.5476e-02,  4.5170e-03, -4.5816e-03,  2.0674e-02,
          3.5601e-02, -4.5696e-03, -5.9527e-02, -7.0697e-02, -5.2146e-02,
         -9.1754e-02, -1.4148e-01, -2.1434e-01, -2.3153e-01, -8.9167e-02,
          1.7614e-01,  2.4736e-01,  1.1428e-01, -1.4941e-01, -1.4528e-01,
         -4.0851e-02, -3.7291e-02, -3.8126e-02, -2.0572e-02, -2.2276e-02,
         -5.5161e-02, -5.7070e-02, -3.8209e-02, -8.5237e-02,  5.6959e-03,
          5.2535e-03,  4.3813e-03, -2.6800e-02,  1.8160e-02, -4.9806e-02,
         -9.8337e-02, -8.3358e-02, -7.4600e-02, -1.3428e-01, -1.9637e-01,
         -2.2738e-01, -1.7942e-01, -6.6239e-02,  1.4286e-01,  1.9734e-01,
          4.7983e-02, -1.8461e-01, -2.2165e-01, -1.1587e-01, -1.0096e-01,
         -5.2535e-02, -1.5310e-02, -2.9941e-02, -6.1350e-02, -7.9404e-02,
         -8.7888e-02, -6.4371e-02, -3.0158e-02,  4.4979e-03,  9.4551e-03,
         -1.6452e-02,  1.1946e-03, -5.5451e-02, -8.8813e-02, -5.8466e-02,
         -6.2058e-02, -1.0239e-01, -1.1575e-01, -9.0098e-02, -7.5761e-02,
          1.7925e-02,  1.5039e-01,  1.7941e-01, -2.1812e-02, -2.2209e-01,
         -2.0303e-01, -1.3803e-01, -1.0361e-01, -4.7653e-02, -2.7204e-03,
         -1.6957e-02, -5.8806e-02, -5.1970e-02, -6.4952e-02, -6.7101e-02,
         -5.7148e-02,  0.0000e+00,  1.0993e-02, -1.3956e-02, -1.2110e-02,
         -4.6529e-02, -6.8643e-02, -3.0582e-02, -6.2291e-02, -5.3933e-02,
         -2.8095e-02, -4.3756e-03,  1.7287e-02,  8.6426e-02,  1.4585e-01,
          1.1184e-01, -2.3312e-02, -1.4759e-01, -1.5650e-01, -1.0628e-01,
         -6.6659e-02, -2.4386e-02, -1.7428e-02, -3.8509e-02, -8.0970e-02,
         -7.6154e-02, -6.3449e-02, -6.6083e-02,  1.4435e-04,  6.5279e-03,
          8.3272e-03, -1.7366e-02, -2.5341e-03, -2.1239e-02, -7.4767e-02,
         -6.8482e-02, -6.4962e-02, -2.6871e-02,  3.2436e-02,  4.6531e-02,
          5.7374e-02,  8.6707e-02,  8.8097e-02,  2.6313e-02, -7.1601e-04,
         -7.7988e-02, -1.3753e-01, -4.9387e-02, -3.3250e-03, -1.2429e-02,
         -3.4521e-02, -5.3826e-02, -9.5401e-02, -6.5104e-02, -4.4585e-02,
         -2.2719e-02, -1.1942e-02,  4.4490e-03,  1.2093e-02, -3.3039e-02,
         -1.2962e-02, -5.0224e-02, -8.9841e-02, -4.5364e-02, -4.2072e-02,
         -4.6702e-02, -1.3968e-02,  3.3077e-02,  5.5337e-02,  5.8552e-02,
          4.5570e-02,  1.1575e-02,  1.9106e-02, -6.2348e-02, -1.1487e-01,
         -2.8588e-02,  4.3048e-03, -2.2469e-02, -9.1611e-02, -1.2101e-01,
         -8.2832e-02, -8.9140e-02, -4.8639e-02, -2.9752e-02, -1.7807e-02,
          0.0000e+00,  1.0543e-02, -2.5565e-02, -3.6116e-02, -6.1834e-02,
         -9.0490e-02, -8.7496e-02, -7.0486e-02, -3.7136e-02, -2.4013e-03,
          4.3888e-02,  3.0397e-02,  4.6908e-02,  3.7219e-02,  3.2828e-02,
          1.2620e-02, -5.9440e-02, -5.9049e-02, -2.5222e-02, -6.5912e-02,
         -8.1861e-02, -1.0731e-01, -1.0803e-01, -5.7579e-02, -5.6035e-02,
         -1.9035e-02, -4.5123e-03,  6.4674e-03,  4.4905e-03, -4.7723e-03,
         -1.4795e-02, -6.0784e-02, -3.6903e-02, -8.2650e-02, -8.3992e-02,
         -4.2646e-02, -3.1632e-03, -3.9701e-02, -3.8748e-02, -8.8748e-03,
          4.7892e-03,  3.4406e-03,  2.3959e-02, -2.8120e-03, -4.5833e-02,
         -4.2472e-02, -2.1012e-02, -5.5281e-02, -3.6940e-02,  7.6647e-03,
         -4.1251e-02, -3.6304e-02, -2.9760e-02, -3.1203e-02, -1.6493e-02,
          4.4971e-03,  4.4893e-03,  6.1694e-03,  9.3084e-03, -6.5700e-02,
         -5.7205e-02, -2.6889e-02, -2.6414e-02, -2.5416e-02,  1.7837e-02,
         -3.8587e-02, -5.0786e-02, -4.6185e-02, -6.0725e-02, -6.1538e-02,
          7.5460e-03, -3.0883e-02, -4.9201e-02,  2.4982e-03,  7.3852e-03,
         -3.2614e-02, -4.2598e-03,  1.3351e-03, -2.5845e-02,  2.3753e-02,
          1.7241e-02,  1.6581e-03, -8.4678e-03,  4.5110e-03,  0.0000e+00,
          4.4783e-03,  1.9042e-02, -3.9874e-02, -4.3400e-02, -6.7427e-03,
         -1.2523e-02, -5.2682e-04,  2.4225e-02, -1.8340e-02, -2.5405e-02,
         -4.8013e-02, -3.7775e-02, -2.4320e-02, -3.2471e-03,  1.6844e-02,
          3.4883e-02,  4.4778e-02,  5.0817e-02,  4.3814e-02,  3.9723e-02,
          3.2619e-03, -2.4826e-02, -5.7397e-03,  3.6561e-02,  1.7342e-02,
          1.1606e-02,  0.0000e+00,  0.0000e+00,  0.0000e+00,  1.1246e-02,
         -3.8557e-02, -4.5825e-02, -1.8240e-02, -2.1435e-02,  3.7535e-02,
          6.8688e-03, -1.6132e-02, -4.6141e-02, -5.2105e-02, -2.2564e-02,
         -2.7420e-02, -9.1079e-03, -7.3303e-04,  5.5753e-03,  3.6019e-02,
          7.7302e-02,  7.2980e-02,  6.5693e-02,  5.6450e-02,  1.6136e-02,
          2.1258e-03,  7.3500e-03,  1.2651e-02,  5.2563e-03,  0.0000e+00,
          0.0000e+00,  0.0000e+00,  7.3571e-03, -2.6851e-03,  3.4459e-03,
         -2.1207e-03, -1.5050e-02,  4.4111e-02,  7.7476e-02,  8.3812e-02,
          9.8952e-02,  1.5377e-01,  1.5260e-01,  1.1348e-01,  9.7965e-02,
          8.1544e-02,  8.7735e-02,  1.0686e-01,  1.1377e-01,  8.9247e-02,
          6.4112e-02,  5.0498e-02,  3.9194e-02,  2.4626e-02,  1.0824e-02,
          7.5746e-03,  4.5153e-03,  0.0000e+00,  0.0000e+00,  0.0000e+00,
          0.0000e+00,  4.4963e-03,  1.7090e-02,  3.7086e-02,  6.3403e-02,
          9.3933e-02,  1.2797e-01,  1.5457e-01,  1.7866e-01,  2.0178e-01,
          2.1447e-01,  2.1350e-01,  1.9729e-01,  1.6419e-01,  1.4343e-01,
          1.2256e-01,  1.0106e-01,  8.2969e-02,  6.2897e-02,  4.3762e-02,
          2.6651e-02,  1.5342e-02,  7.2247e-03,  4.5074e-03,  0.0000e+00,
          0.0000e+00,  0.0000e+00,  0.0000e+00,  0.0000e+00,  0.0000e+00,
          6.4056e-03,  1.0035e-02,  1.7894e-02,  2.5569e-02,  3.1181e-02,
          3.7326e-02,  5.0183e-02,  5.4625e-02,  6.1810e-02,  6.6555e-02,
          7.1365e-02,  6.7226e-02,  6.0772e-02,  5.0454e-02,  3.9472e-02,
          2.8012e-02,  2.0059e-02,  1.2735e-02,  9.9829e-03,  6.3796e-03,
          0.0000e+00,  0.0000e+00,  0.0000e+00,  0.0000e+00],
        [ 0.0000e+00,  0.0000e+00,  0.0000e+00,  0.0000e+00,  0.0000e+00,
          0.0000e+00,  0.0000e+00,  0.0000e+00,  0.0000e+00,  0.0000e+00,
          0.0000e+00,  0.0000e+00,  3.8504e-03,  5.4594e-03,  4.3112e-03,
          4.1932e-03,  0.0000e+00,  0.0000e+00,  0.0000e+00,  0.0000e+00,
          0.0000e+00,  0.0000e+00,  0.0000e+00,  0.0000e+00,  0.0000e+00,
          0.0000e+00,  0.0000e+00,  0.0000e+00,  0.0000e+00,  0.0000e+00,
          0.0000e+00,  0.0000e+00,  3.4443e-03,  5.3179e-03,  7.9279e-03,
          1.0526e-02,  1.3566e-02,  1.7781e-02,  2.2661e-02,  2.7943e-02,
          2.9609e-02,  2.9942e-02,  3.0736e-02,  3.7579e-02,  7.2862e-02,
          5.6740e-02,  2.5012e-02,  1.7166e-02,  1.4923e-02,  9.4258e-03,
          7.1334e-03,  3.7520e-03,  0.0000e+00,  0.0000e+00,  0.0000e+00,
          0.0000e+00,  0.0000e+00,  0.0000e+00,  3.4869e-03,  2.3848e-03,
          7.1778e-03,  9.9338e-03,  1.6954e-02,  2.7472e-02,  4.2384e-02,
          7.5548e-02,  1.0993e-01,  1.3273e-01,  1.2469e-01,  1.2294e-01,
          1.2305e-01,  1.4578e-01,  1.6031e-01,  1.5191e-01,  1.4097e-01,
          8.9337e-02,  6.7391e-02,  5.1632e-02,  3.5827e-02,  2.3190e-02,
          3.5621e-02,  4.1189e-02,  0.0000e+00,  0.0000e+00,  0.0000e+00,
          0.0000e+00,  4.6140e-03,  6.3309e-03,  1.2217e-02,  2.0004e-02,
          3.3495e-02,  4.8701e-02,  9.3122e-02,  1.2618e-01,  1.4762e-01,
          1.5124e-01,  1.5958e-01,  1.3816e-01,  1.3489e-01,  1.9194e-01,
          1.9200e-01,  1.7985e-01,  1.8787e-01,  1.9344e-01,  8.4383e-02,
          3.0562e-02,  4.5401e-03,  4.4585e-04,  1.2254e-02,  3.2054e-02,
          5.5549e-03,  0.0000e+00,  0.0000e+00,  3.4773e-03,  6.7093e-03,
         -3.8820e-02, -5.4434e-02,  2.8579e-02,  5.1712e-02,  6.5628e-03,
          5.3030e-02,  1.2697e-01,  9.9641e-02,  8.6498e-02,  1.2019e-01,
          1.2477e-01,  1.3581e-01,  1.0506e-01,  1.0562e-01,  8.5328e-02,
          1.0117e-01,  3.5514e-02, -5.6894e-02, -4.2800e-02, -7.0355e-02,
         -5.5672e-02, -3.8547e-03,  1.9242e-02, -2.9247e-02,  4.9339e-03,
          0.0000e+00, -6.3948e-02,  6.2462e-03,  6.5597e-02,  1.0960e-01,
          2.3692e-02, -7.3679e-02, -6.8152e-02,  6.6523e-02,  1.0411e-01,
          1.3115e-01,  1.1079e-01,  1.5025e-01,  1.4942e-01,  1.1816e-01,
          1.0921e-01,  1.2057e-01,  1.2005e-01,  2.6308e-02, -3.0518e-02,
         -5.8654e-02, -5.2783e-02, -5.7999e-02, -6.8323e-02, -4.0042e-02,
          2.5145e-02,  8.1944e-03,  7.0271e-03,  0.0000e+00,  4.6254e-03,
          4.3597e-03, -3.8798e-02,  3.6661e-03, -1.2280e-01, -6.4028e-02,
          1.4557e-02,  1.2787e-02,  6.6858e-02,  4.0852e-02,  4.8150e-02,
          1.0414e-01,  8.7214e-02,  8.0693e-02,  2.5952e-02,  3.6229e-02,
         -1.1036e-02, -4.2483e-02, -2.0656e-02, -2.7293e-02, -4.0702e-02,
         -6.0322e-02, -6.0602e-02, -1.3862e-02,  4.5985e-02,  4.3313e-02,
          5.0753e-03,  3.4818e-03,  1.2060e-02,  3.8569e-02, -5.3828e-02,
         -4.6809e-02, -2.4806e-02,  3.6171e-02,  8.6342e-03, -2.5823e-03,
         -1.0770e-02, -6.4179e-03,  1.1427e-01,  1.5114e-01,  7.9479e-02,
          6.0315e-02,  7.1361e-02, -1.3972e-02, -1.3257e-01, -1.0531e-01,
         -3.3758e-02, -4.0275e-02, -6.3169e-03, -5.7109e-02, -3.5719e-02,
          1.1414e-02,  5.2610e-02,  4.4013e-02, -4.9629e-03,  4.3044e-03,
          1.6506e-02,  4.8965e-02, -2.3219e-02, -4.0794e-03,  2.7023e-02,
          8.3531e-03,  6.4984e-03, -1.4051e-02, -2.3968e-02,  6.9748e-02,
          1.1337e-01,  5.7332e-02,  4.6225e-02,  7.4350e-02,  8.0462e-02,
         -2.4773e-03, -5.5422e-02, -5.9377e-02, -6.3340e-02, -6.3394e-02,
         -3.7709e-03, -1.8520e-02,  3.4558e-02,  3.2415e-02,  7.1909e-02,
          5.0836e-02,  1.2850e-02,  6.4022e-03,  2.0820e-02,  6.0065e-02,
          4.4461e-02,  3.0806e-02,  8.6527e-02,  4.6466e-02,  9.1497e-03,
         -5.6242e-03,  3.8825e-02,  1.1171e-01,  7.0210e-02,  6.3798e-03,
          7.4580e-03, -2.6505e-03, -4.8056e-03, -2.3983e-02, -6.2197e-02,
         -5.8028e-02, -5.5542e-02, -2.8857e-02, -9.6505e-03,  1.2618e-02,
          7.3719e-02,  4.3554e-02,  7.9477e-02,  4.3595e-02,  1.3795e-02,
          6.5199e-03,  2.1192e-02,  4.4076e-02,  2.8655e-02, -1.6528e-02,
          3.8423e-02,  9.3324e-02,  2.2874e-02,  4.5932e-02,  1.8786e-03,
          2.8908e-02, -4.0803e-02, -2.9748e-02, -7.9304e-02, -1.8242e-01,
         -2.4078e-01, -1.3469e-01, -4.3362e-02, -6.6441e-02, -1.0734e-01,
         -3.6943e-02, -5.1986e-02, -2.2124e-02,  7.2153e-02,  7.0191e-02,
          5.8643e-02,  3.4018e-02,  1.2165e-02,  6.5773e-03,  1.8688e-02,
          1.6726e-02,  2.8743e-02,  7.3467e-02,  7.9065e-02,  2.9596e-02,
         -3.8043e-02, -7.0638e-02, -1.2274e-01, -1.5075e-01, -1.3633e-01,
         -1.6820e-01, -3.0244e-01, -4.5392e-01, -3.8321e-01, -2.0116e-01,
         -5.9491e-02, -9.5203e-02, -6.6217e-02, -2.1098e-02, -2.8195e-02,
         -6.7999e-02, -2.0991e-02,  6.5507e-02,  8.8156e-02,  2.6710e-02,
          8.8681e-03,  4.5424e-03,  8.4022e-03,  2.5686e-02,  1.2202e-02,
          6.4397e-02, -1.1081e-02, -1.4637e-01, -1.4312e-01, -1.6289e-01,
         -2.3549e-01, -2.6452e-01, -1.9125e-01, -2.0202e-01, -3.5400e-01,
         -4.8645e-01, -2.9509e-01, -1.2369e-01, -3.8090e-02, -4.1488e-02,
          3.7606e-02,  1.6329e-02, -8.9427e-03, -8.7887e-02, -1.0280e-01,
          5.4897e-03,  3.0140e-02,  1.9629e-02,  2.7511e-02,  3.4726e-03,
         -1.9802e-02,  1.7335e-02,  2.6009e-02, -3.9085e-02, -1.1858e-01,
         -1.5508e-01, -1.7241e-01, -1.4196e-01, -2.1017e-01, -2.0612e-01,
         -4.6733e-02,  3.6843e-02, -1.6691e-01, -2.0636e-01, -7.9111e-02,
         -3.0123e-02, -1.9116e-02,  1.0989e-02,  6.5283e-02,  4.3715e-02,
          4.6533e-02, -7.1805e-02, -1.0976e-01,  2.6104e-02,  1.3517e-01,
          3.2891e-02,  1.2780e-01,  3.4931e-03, -4.3948e-02,  9.1821e-03,
          3.1752e-02, -1.2627e-01, -1.4369e-01, -1.2633e-01, -1.4572e-01,
         -1.5277e-01, -1.7780e-01, -6.6838e-02,  1.5317e-01,  1.2884e-01,
          1.3340e-02,  2.6027e-02,  7.1067e-02,  1.7978e-02, -3.2338e-02,
          2.6721e-02, -3.6426e-02, -8.1493e-03, -8.4452e-03, -9.8667e-02,
         -1.4181e-01, -3.4404e-02,  2.1083e-01,  1.0146e-01,  1.2829e-02,
          4.0626e-03,  3.0240e-03,  4.0829e-02,  9.4392e-02,  2.1602e-02,
         -3.6764e-02, -1.2558e-01, -1.4942e-01, -1.4047e-01, -1.2326e-01,
          2.1942e-02,  1.1184e-01,  8.0567e-02,  2.3936e-02,  1.5136e-02,
          4.4440e-02,  8.1175e-02,  5.4459e-02,  6.9409e-03, -3.5595e-02,
         -9.2825e-02, -8.6600e-02, -1.4596e-01, -8.7745e-02,  7.7102e-02,
          2.7236e-01,  5.7946e-02,  1.0750e-02,  3.4783e-03, -3.8320e-02,
          3.2959e-02,  1.2827e-01,  1.3335e-01,  1.0268e-02, -7.7604e-03,
         -4.5230e-02, -6.9061e-02, -4.7899e-02,  7.6447e-02,  1.3829e-01,
          1.3534e-01,  6.4892e-02, -9.8657e-03,  9.9892e-02,  1.6782e-01,
          3.1005e-02, -9.0562e-02, -9.1491e-02, -9.5505e-02, -8.3198e-02,
         -6.2921e-02,  4.1359e-03,  1.0007e-01,  1.4992e-01,  8.9134e-02,
          1.3079e-02,  0.0000e+00,  3.4360e-03,  4.4183e-02,  2.6849e-02,
          1.0323e-01,  1.0214e-01,  1.3345e-01,  8.7918e-02,  5.8082e-02,
          8.4779e-02,  1.5895e-01,  1.8624e-01,  1.0777e-01,  4.4634e-02,
          4.3064e-02,  1.5180e-01,  7.7978e-02, -1.4892e-02, -3.4096e-02,
         -2.8881e-02, -2.3084e-02,  4.3857e-03,  4.3880e-02,  6.5942e-02,
          3.3856e-01,  2.3933e-01,  5.8392e-02,  1.0706e-02,  5.0482e-03,
          1.1591e-02, -9.0675e-02, -6.4698e-04,  1.0121e-01,  1.4196e-01,
          1.6539e-01,  1.9663e-01,  1.4212e-01,  1.5495e-01,  2.5448e-01,
          2.6979e-01,  2.0403e-01,  9.3547e-02,  1.4733e-01,  1.4673e-01,
          6.9464e-02,  3.7843e-02, -3.1923e-02, -1.3636e-02,  1.3851e-02,
          1.2206e-02,  1.0448e-01,  2.3464e-01,  3.6551e-01,  1.7303e-01,
          5.4888e-02, -3.8626e-02,  3.4407e-03,  1.6157e-02, -6.0800e-02,
         -2.1566e-02,  5.8732e-02,  7.1102e-02,  6.9575e-02,  9.9312e-02,
          1.0372e-01,  1.0456e-01,  2.2400e-01,  2.0185e-01,  1.6259e-01,
          1.1501e-01,  1.0715e-01,  1.2328e-01,  8.0148e-02,  2.3644e-02,
          2.8381e-03,  2.9398e-02,  1.6647e-02, -4.7899e-02,  6.1646e-02,
          2.1427e-01,  1.8535e-01,  9.9043e-02,  3.8969e-02, -2.4287e-02,
          0.0000e+00,  1.0087e-02, -4.0825e-02, -3.3158e-02,  4.1192e-02,
          1.0715e-01,  1.2278e-01,  1.0097e-01,  6.4930e-02,  4.0953e-02,
          6.0096e-02,  1.4172e-01,  1.0683e-01,  8.3025e-02,  1.4237e-02,
          6.5852e-03, -3.1534e-02, -8.3954e-02, -2.2023e-02,  2.6800e-02,
         -9.9660e-03, -1.3978e-02,  3.1224e-02,  1.8223e-01,  1.4470e-01,
          8.8850e-02,  2.8390e-02,  4.1086e-03,  3.4726e-03,  7.4762e-03,
         -2.4266e-02, -6.0157e-02, -4.4628e-02,  6.0315e-02,  9.8018e-02,
          8.6454e-02,  5.2747e-02,  1.1630e-02, -3.4016e-02, -4.1600e-02,
         -5.7687e-03, -1.3288e-02, -3.1870e-02, -1.1498e-02, -2.6622e-02,
         -1.3111e-02,  5.5125e-02,  1.0365e-01, -1.4686e-02,  6.2453e-02,
          7.9438e-02,  1.6208e-01,  1.2180e-01,  7.9820e-02,  2.0716e-03,
          3.4777e-03,  3.4717e-03,  5.0116e-03, -7.3011e-03, -2.4184e-02,
          3.1351e-02,  2.6653e-03,  4.9290e-02,  5.6612e-02,  8.9710e-02,
          5.6948e-02, -6.1446e-03, -4.4769e-02, -1.0194e-01, -9.1109e-02,
         -7.4534e-02, -3.9572e-02,  1.7501e-02,  3.6327e-02,  6.7374e-02,
          9.6498e-03,  1.1708e-02,  9.3936e-02,  1.1626e-01,  1.0527e-01,
          5.5981e-02,  3.9763e-02,  1.0481e-02,  3.4885e-03,  0.0000e+00,
         -6.3948e-02, -2.7546e-02, -7.7505e-02,  8.0187e-02,  2.6635e-02,
         -1.2451e-02,  1.4290e-02, -9.3049e-04, -3.2880e-02, -4.6676e-02,
         -3.1796e-02, -5.4480e-02, -1.1390e-01, -8.8597e-02, -1.1833e-01,
         -6.6464e-02, -2.4969e-02,  4.6955e-02,  4.8090e-02, -6.1705e-03,
          9.9855e-02,  1.0208e-01,  6.8919e-02,  3.2738e-02,  2.8602e-02,
          4.5658e-03,  0.0000e+00,  0.0000e+00,  0.0000e+00,  5.8228e-03,
         -3.1364e-02, -4.6865e-02, -2.9489e-02,  1.1100e-02,  1.2287e-02,
          3.2801e-02,  7.0682e-03, -1.5557e-02,  6.3615e-02,  9.4039e-02,
          6.1393e-02,  6.3591e-02,  3.7553e-02,  1.0849e-02,  7.9867e-02,
          4.2996e-02,  6.6220e-02,  7.2584e-02,  7.8845e-02,  1.0036e-01,
          4.7443e-02,  7.2885e-02,  9.7904e-03,  4.0811e-03,  0.0000e+00,
          0.0000e+00,  0.0000e+00,  5.6894e-03,  8.6992e-03,  2.2480e-02,
          2.2770e-02,  7.6700e-04,  4.0013e-02,  7.7843e-02,  9.6149e-02,
          1.0504e-01,  1.5055e-01,  1.5551e-01,  1.3199e-01,  1.0838e-01,
          9.4860e-02,  8.9559e-02,  1.0435e-01,  1.4787e-01,  1.5086e-01,
          1.0181e-01,  2.8719e-02,  1.8894e-02,  1.5365e-02,  1.4080e-02,
          5.8662e-03,  3.5084e-03,  0.0000e+00,  0.0000e+00,  0.0000e+00,
          0.0000e+00,  3.4771e-03,  1.3216e-02,  2.8680e-02,  4.9031e-02,
          7.2218e-02,  9.7920e-02,  1.1973e-01,  1.3689e-01,  1.5506e-01,
          1.6567e-01,  1.6232e-01,  1.5159e-01,  1.2933e-01,  1.1379e-01,
          1.0166e-01,  7.9968e-02,  6.2026e-02,  4.7718e-02,  3.2424e-02,
          2.0145e-02,  1.1865e-02,  5.5871e-03,  3.4857e-03,  0.0000e+00,
          0.0000e+00,  0.0000e+00,  0.0000e+00,  0.0000e+00,  0.0000e+00,
          4.9536e-03,  7.7602e-03,  1.3838e-02,  1.9774e-02,  2.4113e-02,
          2.8865e-02,  3.8808e-02,  4.2243e-02,  4.7799e-02,  5.1469e-02,
          5.5188e-02,  5.1988e-02,  4.6997e-02,  3.9018e-02,  3.0525e-02,
          2.1662e-02,  1.5512e-02,  9.8483e-03,  7.7201e-03,  4.9335e-03,
          0.0000e+00,  0.0000e+00,  0.0000e+00,  0.0000e+00],
        [ 0.0000e+00,  0.0000e+00,  0.0000e+00,  0.0000e+00,  0.0000e+00,
          0.0000e+00,  0.0000e+00,  0.0000e+00,  0.0000e+00,  0.0000e+00,
          0.0000e+00,  0.0000e+00,  3.3652e-03,  4.1347e-03,  2.6748e-03,
          2.6016e-03,  0.0000e+00,  0.0000e+00,  0.0000e+00,  0.0000e+00,
          0.0000e+00,  0.0000e+00,  0.0000e+00,  0.0000e+00,  0.0000e+00,
          0.0000e+00,  0.0000e+00,  0.0000e+00,  0.0000e+00,  0.0000e+00,
          0.0000e+00,  0.0000e+00,  3.1032e-03,  4.7911e-03,  7.1425e-03,
          9.4830e-03,  1.2222e-02,  1.6019e-02,  2.0416e-02,  2.5174e-02,
          2.6672e-02,  2.6855e-02,  2.7504e-02,  1.8330e-02, -4.0715e-04,
          1.1629e-02,  1.8713e-02,  1.5465e-02,  1.3445e-02,  8.4920e-03,
          6.4267e-03,  3.3803e-03,  0.0000e+00,  0.0000e+00,  0.0000e+00,
          0.0000e+00,  0.0000e+00,  0.0000e+00,  3.1415e-03, -4.1315e-02,
          4.0656e-03, -1.0201e-03,  1.0317e-02,  2.1116e-02,  4.1744e-04,
          8.4764e-04,  2.9906e-03,  3.1121e-02,  6.2664e-02,  7.9683e-02,
          7.5173e-02,  6.8921e-02,  8.6804e-02,  9.7352e-02,  9.4521e-02,
          8.3317e-02,  6.4800e-02,  4.6614e-02,  3.2278e-02,  1.8090e-02,
         -1.2694e-02, -2.8561e-02,  0.0000e+00,  0.0000e+00,  0.0000e+00,
          0.0000e+00,  2.1104e-03, -1.9230e-02,  2.5452e-03,  2.1934e-02,
         -1.4494e-02,  2.8024e-02,  1.0050e-01,  1.8324e-02, -4.7555e-03,
          5.6256e-02,  5.1436e-02,  4.4962e-02,  5.9543e-02,  5.6860e-02,
          9.7925e-02,  1.4024e-01,  1.2957e-01,  1.6206e-01,  1.3124e-01,
          6.9158e-02,  4.0738e-02,  3.5185e-02,  1.4392e-02, -5.0355e-03,
          5.0046e-03,  0.0000e+00,  0.0000e+00,  3.1326e-03, -9.6020e-04,
          5.8654e-02,  1.1865e-01, -5.0340e-02, -3.3510e-02,  5.8901e-02,
          3.6822e-02,  2.8301e-02,  4.6760e-02,  6.6282e-02, -2.5617e-02,
          3.0680e-02,  5.7411e-02,  9.2357e-02,  6.2444e-02,  2.7473e-02,
          7.8128e-03,  2.5435e-02,  7.6848e-02,  1.7907e-02, -5.3366e-03,
         -2.2639e-02,  1.4490e-02,  2.5012e-02,  1.2759e-02,  4.4451e-03,
          0.0000e+00,  3.3045e-03,  9.3866e-03, -4.9182e-02, -3.2030e-02,
         -2.4859e-02, -1.9459e-02, -8.2287e-03,  5.3021e-03,  1.2063e-01,
          5.8881e-02,  3.5604e-02,  5.4138e-02,  4.3419e-02,  3.5371e-02,
          1.4470e-02,  2.4972e-02, -1.1660e-02, -2.8298e-02,  1.0290e-03,
         -3.8658e-02, -1.8263e-02,  2.9480e-02,  7.3577e-02,  4.1657e-02,
          4.3067e-02,  2.7479e-02,  6.3309e-03,  0.0000e+00,  4.1672e-03,
          2.1373e-01,  8.2898e-02,  1.8904e-02,  1.0016e-01, -2.9423e-02,
          1.2624e-03,  7.1716e-02,  1.4298e-01,  1.3604e-01,  1.0438e-01,
          5.3212e-02,  3.2960e-02,  6.4025e-02,  8.2700e-02,  4.4698e-02,
          2.4871e-03, -9.7698e-03,  2.6613e-04, -4.9913e-02, -5.9755e-02,
         -1.9704e-03,  5.4660e-02,  1.3932e-01,  8.2897e-02,  3.9674e-02,
          7.6739e-03,  3.1368e-03,  1.0866e-02,  6.2171e-02,  1.0694e-01,
          1.2172e-01,  1.2108e-01, -1.3088e-02,  1.9297e-02,  6.3030e-02,
          7.8387e-02,  1.0934e-01,  1.2475e-01,  1.0684e-01,  6.7781e-02,
          8.6022e-02,  9.5107e-02,  5.1346e-02, -6.5256e-04,  2.8349e-03,
         -2.9783e-02,  5.9008e-03, -1.5443e-02,  3.1810e-03,  7.7094e-02,
          1.4731e-01,  9.1276e-02,  4.4109e-02,  2.0622e-03,  3.8779e-03,
          1.4871e-02,  3.4790e-02,  1.2253e-01,  4.9468e-02,  5.6566e-02,
          3.5054e-02,  3.8097e-02,  2.2662e-02,  1.6769e-02,  8.2882e-02,
          1.1589e-01,  9.8115e-02,  4.0865e-02,  2.4044e-02, -2.1884e-02,
          3.0778e-03,  3.0508e-03, -6.8346e-03, -3.6041e-02,  2.8171e-03,
          6.1144e-02,  7.1772e-02,  9.0351e-02,  9.1537e-02,  8.9311e-02,
          4.6305e-02,  1.1577e-02,  5.7680e-03,  1.8758e-02,  4.1117e-02,
          1.2964e-01,  7.3986e-02,  7.6023e-02,  8.4385e-02,  1.4343e-02,
          2.2634e-02,  2.7559e-02,  3.7188e-02,  5.2251e-02, -3.0193e-02,
         -1.1131e-01, -7.1065e-02, -1.2535e-02,  2.4040e-02, -6.3982e-02,
         -1.1991e-01, -4.9246e-02,  1.6070e-03,  6.8595e-02,  7.4443e-02,
          6.2249e-02,  3.6805e-02,  7.7235e-02,  4.0068e-02,  1.2428e-02,
          5.8739e-03,  1.9093e-02,  3.7602e-02,  1.4295e-01,  1.0412e-01,
          7.7859e-02,  5.3190e-02,  1.2620e-02, -1.7224e-02, -1.9737e-02,
         -4.2316e-02, -5.0764e-02, -7.9239e-02, -6.2153e-02, -4.8157e-02,
         -1.4215e-03,  3.8184e-02, -2.9448e-02, -6.1138e-02, -9.7774e-02,
         -2.2932e-02, -2.2264e-02, -8.2153e-02, -7.1154e-03, -1.9977e-02,
          5.1167e-02,  3.1439e-02,  1.0960e-02,  5.9257e-03,  1.7087e-02,
          5.0138e-02,  8.8397e-02,  1.3462e-01,  7.7657e-02,  2.7402e-02,
         -2.1653e-02, -5.2747e-02, -8.3449e-02, -2.3844e-02,  5.9569e-02,
          1.2164e-01,  1.1893e-01,  1.8104e-01,  1.4862e-01,  1.5580e-01,
          1.3304e-01,  1.6265e-02, -3.5600e-02, -6.0187e-02, -1.3656e-01,
         -1.4735e-01, -1.0678e-01, -6.9128e-02,  2.3448e-02,  2.4064e-02,
          7.9895e-03,  4.0923e-03,  1.3334e-02,  2.9696e-02,  2.6833e-02,
          8.8539e-02, -5.5858e-04, -7.5719e-02, -1.2437e-01, -7.2710e-02,
         -6.0742e-02,  1.3131e-02,  1.8452e-01,  3.1134e-01,  2.4113e-01,
          2.3740e-01,  1.6756e-01,  2.0191e-01,  2.3487e-01,  1.1578e-01,
          2.9758e-02, -7.3486e-02, -8.4102e-02, -1.2336e-01, -1.7133e-01,
         -6.3109e-02,  3.6464e-03,  1.7684e-02,  7.6544e-03,  3.1286e-03,
          9.0586e-03,  2.1055e-02,  2.6093e-02, -6.3162e-02, -1.1722e-01,
         -1.5205e-01, -1.4544e-01, -1.3538e-01, -1.6477e-01, -4.6455e-02,
          1.7058e-01,  3.3384e-01,  2.3077e-01,  1.1520e-01,  1.0781e-01,
          2.3812e-01,  2.5241e-01,  1.2321e-01, -3.6643e-04, -1.0122e-01,
         -1.0080e-01, -1.0711e-01, -9.2731e-02, -2.8223e-02,  7.1017e-03,
          1.7554e-02,  5.6909e-03,  3.1471e-03,  2.2041e-01,  6.4387e-02,
          1.0991e-02, -1.2215e-01, -1.5607e-01, -1.5576e-01, -1.8457e-01,
         -2.0628e-01, -2.4095e-01, -1.4055e-01,  8.8853e-02,  2.4641e-01,
          1.9879e-02, -1.3295e-01, -3.8020e-02,  1.7073e-01,  1.8523e-01,
          8.7148e-02,  3.7903e-03, -6.5264e-02, -8.0419e-02, -9.3866e-02,
         -4.1340e-02,  3.3898e-02, -1.1540e-02,  3.9576e-03, -7.9880e-03,
          3.6601e-03,  5.5042e-01,  1.0897e-01, -4.7865e-02, -1.3456e-01,
         -1.1281e-01, -1.4766e-01, -1.6390e-01, -2.1160e-01, -2.4109e-01,
         -1.4861e-01,  5.4639e-02,  5.3229e-02, -1.3187e-01, -2.5624e-01,
         -1.4412e-01,  4.5175e-02,  1.3443e-01,  6.0065e-02,  3.5964e-02,
          1.8238e-02,  1.2361e-02,  1.6127e-02,  3.0459e-02,  3.9181e-02,
         -6.9073e-02, -1.7449e-02, -1.0121e-02,  3.1337e-03,  3.9026e-01,
          1.1978e-01, -2.7431e-02, -1.5740e-02, -5.0907e-02, -1.5204e-01,
         -1.1544e-01, -1.4293e-01, -1.9119e-01, -1.7735e-01, -2.6894e-02,
         -6.9706e-02, -2.0754e-01, -1.8238e-01, -1.0475e-01,  5.3670e-02,
          1.0571e-01,  4.9305e-02,  3.7844e-02,  7.2933e-02,  8.9348e-02,
          9.6293e-02,  5.3938e-02,  5.3674e-02, -6.0698e-02, -3.1475e-02,
         -3.7943e-04,  0.0000e+00,  1.0828e-01,  1.3194e-01,  4.3635e-02,
          3.0635e-02, -4.9210e-02, -1.2195e-01, -6.5038e-02, -1.0686e-01,
         -2.0338e-01, -1.8557e-01, -1.0579e-01, -1.6180e-01, -2.3799e-01,
         -2.2748e-01, -9.6468e-02,  9.7151e-02,  1.6589e-01,  4.4523e-02,
          5.7392e-02,  7.2864e-02,  1.0620e-01,  1.1140e-01,  5.2155e-02,
         -3.7686e-02, -5.1821e-02, -1.6612e-02,  8.0645e-03,  4.5480e-03,
         -3.0755e-02,  5.1328e-02,  4.1911e-02,  1.1873e-01,  8.9629e-03,
         -2.7290e-02, -6.8770e-02, -1.4673e-01, -2.1141e-01, -2.1630e-01,
         -1.8166e-01, -2.2405e-01, -2.2878e-01, -2.8322e-01, -1.4138e-01,
          7.3923e-02,  9.5477e-02,  1.0737e-01,  2.6648e-02,  2.1288e-03,
          6.3801e-02,  6.8635e-02, -2.1054e-02, -1.2083e-01, -7.5512e-02,
         -3.5241e-02, -1.4093e-02,  3.0998e-03, -4.0049e-02,  1.6615e-02,
          3.7974e-02,  1.6670e-01,  1.1091e-01,  3.2908e-02, -1.9145e-02,
         -5.3288e-02, -9.6023e-02, -1.6948e-01, -1.8860e-01, -1.2648e-01,
         -1.5213e-01, -1.5904e-01, -1.0143e-01,  7.6581e-03,  2.6625e-03,
          7.1537e-02,  1.4388e-02, -7.1145e-02, -2.3233e-02, -3.9134e-02,
         -6.1029e-02, -5.1044e-02, -6.5793e-02, -4.4198e-02, -7.5095e-03,
          0.0000e+00,  1.6652e-03, -1.0292e-02,  3.2835e-02,  1.1563e-01,
          3.5944e-02,  5.3904e-02,  1.0454e-02,  2.0978e-02,  1.6771e-02,
         -4.6382e-02, -1.1779e-01, -1.0108e-01, -5.3497e-02, -1.0119e-01,
         -1.6634e-01, -6.2793e-02,  2.6126e-02,  8.0373e-02, -1.1912e-02,
         -6.5464e-02, -1.0360e-01, -9.0376e-02,  1.4403e-02, -2.3811e-02,
         -6.5719e-02, -2.7379e-02, -5.5251e-03,  3.1286e-03,  8.4060e-03,
          1.3994e-02,  1.9548e-02,  1.0943e-01,  6.0634e-03,  2.6699e-02,
          1.8990e-02,  4.2244e-03,  3.2491e-03, -1.1926e-02,  3.5493e-03,
          1.0422e-02,  2.1536e-03, -1.6252e-02, -7.8443e-03, -3.2001e-02,
         -1.7957e-02,  2.9618e-02,  1.8849e-04, -5.9687e-02, -1.1519e-01,
         -5.6157e-02, -1.3308e-02, -3.9284e-02, -8.5827e-02, -8.5106e-02,
          3.1332e-03,  3.1278e-03,  4.7237e-03, -1.4313e-04,  7.2170e-03,
          4.4991e-02, -3.6128e-02,  7.7773e-04,  3.4510e-02,  2.3931e-02,
          2.0056e-02,  8.0829e-02,  9.4489e-02,  1.1450e-01,  6.7060e-02,
          1.7533e-02,  1.9794e-02, -2.8136e-02,  2.0844e-02,  6.4442e-02,
         -8.4361e-03, -1.0398e-01, -9.8194e-02,  2.3175e-03, -1.4277e-02,
         -6.1544e-02, -6.0559e-03, -2.5753e-02,  3.1429e-03,  0.0000e+00,
          3.3045e-03,  2.2644e-02,  1.4656e-01,  6.0079e-02,  8.3161e-04,
          9.8093e-02,  4.1452e-02,  5.9139e-02,  7.5827e-02,  1.3103e-01,
          1.3375e-01,  1.1603e-01,  1.4135e-01,  6.0154e-02,  2.4313e-02,
          1.7097e-02,  1.0568e-02, -2.6992e-02, -4.2574e-02, -7.3459e-02,
         -1.9724e-02, -2.1083e-02, -7.9248e-02, -1.4852e-02, -1.7360e-02,
         -2.8197e-02,  0.0000e+00,  0.0000e+00,  0.0000e+00,  8.0485e-03,
          1.1162e-01,  5.5575e-02,  1.3222e-01,  2.3876e-01,  1.4264e-01,
          7.9706e-02,  1.2544e-01,  1.8713e-01,  2.0819e-01,  1.8859e-01,
          2.1425e-01,  1.1527e-01,  6.5068e-02,  1.8266e-02, -6.5545e-03,
         -5.0391e-02, -2.6900e-02,  4.0913e-02,  6.9692e-02, -4.5889e-02,
         -5.3520e-02, -3.8969e-02,  8.7795e-03,  3.5860e-03,  0.0000e+00,
          0.0000e+00,  0.0000e+00,  5.1259e-03,  8.7405e-03,  2.3609e-02,
          4.1261e-02,  7.6495e-02,  1.0345e-01,  1.3041e-01,  2.1128e-01,
          2.9081e-01,  3.1764e-01,  3.4994e-01,  3.1480e-01,  2.2120e-01,
          1.4756e-01,  9.3108e-02,  2.9869e-02,  5.0408e-02,  9.1619e-02,
          1.2604e-01,  8.4442e-02,  1.8806e-02,  1.2007e-02,  1.3078e-02,
          5.2372e-03,  3.0684e-03,  0.0000e+00,  0.0000e+00,  0.0000e+00,
          0.0000e+00,  3.1326e-03,  1.1907e-02,  2.5839e-02,  4.4174e-02,
          6.5559e-02,  1.0404e-01,  1.4482e-01,  1.6773e-01,  1.9078e-01,
          2.0101e-01,  2.2761e-01,  1.7999e-01,  1.0628e-01,  1.0453e-01,
          9.1710e-02,  7.2536e-02,  6.4805e-02,  4.6047e-02,  3.3911e-02,
          1.9691e-02,  1.0689e-02,  5.0337e-03,  3.1403e-03,  0.0000e+00,
          0.0000e+00,  0.0000e+00,  0.0000e+00,  0.0000e+00,  0.0000e+00,
          4.4629e-03,  6.9913e-03,  1.2467e-02,  1.7815e-02,  2.1724e-02,
          2.6005e-02,  3.4963e-02,  3.8058e-02,  4.3064e-02,  4.6370e-02,
          4.9721e-02,  4.6838e-02,  4.2341e-02,  3.5152e-02,  2.7501e-02,
          1.9516e-02,  1.3975e-02,  8.8726e-03,  6.9553e-03,  4.4448e-03,
          0.0000e+00,  0.0000e+00,  0.0000e+00,  0.0000e+00],
        [ 0.0000e+00,  0.0000e+00,  0.0000e+00,  0.0000e+00,  0.0000e+00,
          0.0000e+00,  0.0000e+00,  0.0000e+00,  0.0000e+00,  0.0000e+00,
          0.0000e+00,  0.0000e+00,  1.5864e-03,  5.5078e-05, -1.9912e-03,
         -1.9368e-03,  0.0000e+00,  0.0000e+00,  0.0000e+00,  0.0000e+00,
          0.0000e+00,  0.0000e+00,  0.0000e+00,  0.0000e+00,  0.0000e+00,
          0.0000e+00,  0.0000e+00,  0.0000e+00,  0.0000e+00,  0.0000e+00,
          0.0000e+00,  0.0000e+00,  1.7390e-03,  2.6850e-03,  4.0027e-03,
          5.3143e-03,  6.8494e-03,  8.9774e-03,  1.1441e-02,  1.4108e-02,
          1.4936e-02,  1.4703e-02,  1.4876e-02, -2.0115e-03, -9.7769e-02,
         -4.4211e-02,  9.8632e-03,  8.6666e-03,  7.5346e-03,  4.7590e-03,
          3.6016e-03,  1.8943e-03,  0.0000e+00,  0.0000e+00,  0.0000e+00,
          0.0000e+00,  0.0000e+00,  0.0000e+00,  1.7605e-03,  2.1939e-03,
          3.6786e-03,  3.3422e-03, -6.8614e-03, -4.3456e-02,  5.0609e-03,
          7.2708e-03, -2.3068e-02, -1.7112e-02,  1.1622e-02,  2.4269e-03,
         -8.6455e-03, -1.5685e-02, -4.6274e-02, -3.1618e-02,  1.3914e-02,
          4.7232e-02,  3.8735e-02,  2.6184e-02,  1.8089e-02,  1.0847e-02,
          4.2254e-03,  6.2090e-04,  0.0000e+00,  0.0000e+00,  0.0000e+00,
          0.0000e+00, -1.1140e-03,  3.7643e-03,  6.1840e-03,  9.5970e-03,
         -3.0808e-03, -3.6367e-02, -8.3126e-03, -2.1961e-02, -3.4538e-02,
         -4.2849e-02, -4.3848e-02, -5.2861e-02, -3.4168e-02, -2.0901e-02,
         -5.5540e-02, -4.2883e-02, -1.5117e-03,  4.1074e-02,  4.8189e-02,
          3.8706e-02,  4.2772e-02,  3.0977e-02,  1.3160e-02,  5.7646e-03,
          2.8047e-03,  0.0000e+00,  0.0000e+00,  1.7556e-03, -8.3996e-03,
          4.8610e-03, -9.8677e-03,  5.5952e-02, -2.1798e-03,  9.4846e-03,
          9.4486e-03, -5.7802e-03, -4.5602e-02, -1.0052e-01, -8.6979e-02,
         -5.8253e-02, -6.9415e-02, -7.7182e-02, -5.5308e-02, -4.7593e-02,
         -5.0348e-02, -5.2248e-03,  1.4793e-02,  6.0129e-02,  6.5415e-02,
          3.0258e-02,  1.5598e-02,  1.0154e-02,  1.5297e-02,  2.4911e-03,
          0.0000e+00, -2.1471e-02,  3.8211e-03, -2.7940e-02, -3.0832e-02,
         -2.1242e-03, -1.6498e-02, -6.6688e-03,  1.0795e-02, -2.6457e-02,
         -7.5029e-02, -1.1139e-01, -1.2138e-01, -1.4047e-01, -7.3939e-02,
         -8.2996e-02, -1.0071e-01, -8.6566e-02, -5.3019e-02, -3.9704e-02,
         -1.0795e-02,  1.4476e-02,  5.0186e-02,  5.6876e-02,  5.5162e-02,
          2.6938e-02,  1.9586e-02,  3.5479e-03,  0.0000e+00,  2.3353e-03,
         -4.5954e-04, -4.6329e-02, -3.4803e-02, -7.1409e-02, -7.0145e-02,
         -4.9921e-02, -3.9945e-02, -7.7067e-02, -9.3287e-02, -1.3593e-01,
         -1.6829e-01, -1.7346e-01, -1.4583e-01, -1.6138e-01, -1.4038e-01,
         -9.4051e-02, -8.5070e-02, -5.8503e-02, -8.2631e-04,  3.9415e-03,
          3.6139e-02,  8.8851e-02,  9.0765e-02,  6.2790e-02,  2.2614e-02,
         -1.1754e-02,  1.7579e-03,  6.0891e-03,  3.7176e-03, -5.8805e-02,
         -4.7977e-02, -7.0176e-02, -5.5620e-02, -2.7422e-02, -4.2726e-02,
         -4.2139e-02, -6.3079e-02, -1.0103e-01, -1.7756e-01, -1.4852e-01,
         -1.7649e-01, -1.7416e-01, -1.2616e-01, -9.4922e-02, -7.9882e-02,
         -6.1884e-02, -2.3830e-02, -1.6284e-02,  4.7015e-02,  7.3442e-02,
          9.8240e-02,  7.4805e-02,  3.2529e-02, -3.2666e-02,  2.1732e-03,
          8.3338e-03,  6.8103e-03, -2.6980e-02, -3.4343e-02, -3.9753e-02,
         -2.0238e-02,  3.9860e-03,  1.1342e-02,  5.2038e-02,  2.0620e-02,
         -3.5189e-03, -4.6399e-02, -8.1697e-02, -1.6511e-01, -1.4234e-01,
         -1.5068e-01, -1.2679e-01, -8.3086e-02, -4.7922e-02, -3.1166e-02,
         -1.2036e-03,  3.8916e-02,  4.3705e-02,  9.1642e-02,  5.5051e-02,
          2.6922e-02,  6.4879e-03,  3.2324e-03,  1.0512e-02,  2.2898e-02,
         -5.9780e-03, -2.6857e-02, -2.4940e-02,  9.1063e-03,  5.2547e-02,
          8.8667e-02,  1.2001e-01,  1.2993e-01,  9.1701e-02,  8.8310e-02,
         -1.9735e-02, -1.1589e-01, -9.5993e-02, -1.1789e-01, -1.1550e-01,
         -6.0469e-02, -4.0932e-02, -3.6374e-02,  5.1501e-03,  1.6965e-02,
         -9.3215e-03,  2.8322e-02,  4.0564e-02,  2.2566e-02,  6.9650e-03,
          3.2918e-03,  1.0700e-02,  1.7314e-02, -3.9212e-04, -4.5950e-03,
          3.6451e-02,  6.9700e-02,  1.2910e-01,  1.4802e-01,  1.9048e-01,
          2.0243e-01,  1.7823e-01,  1.6404e-01,  4.7911e-03, -1.1768e-01,
         -3.7938e-02, -6.2153e-02, -3.2404e-02, -2.5211e-02, -2.9075e-02,
         -4.9434e-02,  6.9915e-03, -3.4292e-02, -5.9746e-02, -1.8968e-02,
          2.7593e-02,  1.7730e-02,  6.1419e-03,  3.3208e-03,  1.1509e-02,
          1.4055e-02,  2.4551e-02,  1.8262e-02,  7.6212e-02,  1.0941e-01,
          1.6646e-01,  1.9761e-01,  2.3942e-01,  2.1785e-01,  2.1032e-01,
          2.1194e-01,  2.2675e-02, -1.3011e-01, -4.5021e-02,  3.2599e-02,
          6.9368e-02,  2.5378e-02, -1.1855e-02, -2.6657e-02, -8.9602e-03,
         -4.7257e-02, -8.7100e-02, -8.3394e-02, -2.2208e-02,  1.3486e-02,
          4.4774e-03,  2.2934e-03,  3.0225e-02,  3.5618e-02,  4.1465e-02,
          4.5279e-02,  1.0514e-01,  1.4156e-01,  1.7477e-01,  2.0929e-01,
          2.3762e-01,  2.2668e-01,  2.4880e-01,  1.9263e-01, -4.8382e-02,
         -1.4896e-01, -1.8058e-02,  1.1434e-01,  1.8634e-01,  9.8002e-02,
          3.3871e-02,  5.7406e-03, -3.0639e-03, -4.8519e-02, -7.9331e-02,
         -9.1988e-02, -3.9484e-02,  9.9102e-03, -3.9564e-03,  1.7533e-03,
          7.1178e-02,  4.0799e-02,  3.8288e-02,  7.1768e-02,  8.3688e-02,
          1.4011e-01,  1.6682e-01,  1.8360e-01,  2.1557e-01,  2.3712e-01,
          2.2909e-01,  1.2349e-01, -7.2621e-02, -1.5652e-01,  5.8024e-02,
          2.3314e-01,  2.6154e-01,  1.2424e-01,  5.4760e-02,  2.2153e-02,
         -1.0173e-03, -2.2643e-02, -4.8335e-02, -3.9465e-02, -4.0329e-02,
          4.8250e-04, -4.9495e-02,  1.7636e-03,  6.0364e-02,  5.5266e-02,
          7.0766e-02,  6.2245e-02,  3.4250e-02,  1.2534e-01,  1.3079e-01,
          1.4034e-01,  1.3949e-01,  1.7012e-01,  1.5598e-01,  1.0106e-01,
         -4.3244e-02, -5.2375e-02,  1.3212e-01,  2.7190e-01,  2.3796e-01,
          1.2289e-01,  6.4289e-02,  2.2696e-02,  3.4545e-02,  5.5269e-02,
          1.6293e-02,  1.4773e-03, -2.7203e-02, -1.0740e-01,  2.5738e-05,
          2.0511e-03,  5.6012e-03,  2.5592e-02,  7.0090e-02, -6.9237e-03,
         -2.7906e-02,  7.1487e-02,  7.5569e-02,  8.8004e-02,  8.9528e-02,
          8.2935e-02,  1.1093e-01,  1.1727e-01,  4.1366e-03,  4.3880e-02,
          1.8111e-01,  2.6939e-01,  1.8338e-01,  8.9734e-02,  4.8482e-02,
          1.4786e-02,  2.5931e-02,  5.7471e-02,  1.5160e-02,  2.0207e-03,
         -1.3059e-03, -1.0482e-01,  3.7483e-03,  1.7562e-03, -1.8635e-02,
         -3.6531e-02, -3.8525e-02, -6.5237e-02, -6.6267e-02,  8.5074e-04,
          2.6210e-02,  5.8868e-02,  5.8747e-02,  7.8854e-02,  1.2671e-01,
          1.2653e-01,  7.3403e-02,  8.6771e-02,  1.6673e-01,  1.7998e-01,
          1.0035e-01,  4.6028e-02, -4.8622e-03, -1.1571e-02, -1.2003e-02,
         -2.1906e-02, -8.9194e-03, -2.1109e-02, -3.2490e-02, -4.2482e-02,
          3.5500e-03,  0.0000e+00,  3.5165e-03, -1.6098e-02, -4.5991e-02,
         -8.4642e-02, -1.0314e-01, -3.4124e-02,  8.4976e-04,  2.0547e-03,
          5.3268e-03,  5.7803e-02,  1.0641e-01,  1.1951e-01,  1.0828e-01,
          8.6131e-02,  1.0659e-01,  7.3345e-02,  1.3582e-02, -3.1309e-02,
         -6.7281e-02, -5.3962e-02, -4.7527e-02, -5.6794e-02, -2.9310e-02,
         -2.6401e-02, -7.5756e-02, -2.8515e-02,  3.0634e-03,  2.5488e-03,
         -1.9516e-02,  3.2528e-02, -2.6903e-02, -1.2181e-01, -9.2593e-02,
         -6.6502e-02, -7.1487e-02, -8.1328e-02, -5.3571e-02, -3.5394e-02,
          2.6135e-02,  7.9747e-02,  6.7470e-02,  6.0714e-02,  8.2675e-02,
          6.3860e-03, -6.7017e-02, -5.5139e-02, -4.1251e-02, -6.6111e-02,
         -7.3693e-02, -9.0432e-02, -9.8363e-02, -6.9620e-02, -1.3283e-02,
         -9.6128e-03, -4.0490e-02,  1.7371e-03, -2.6388e-02,  8.0022e-02,
         -5.0073e-03, -7.9373e-02, -9.2242e-02, -8.4768e-02, -1.2161e-01,
         -1.6015e-01, -1.8140e-01, -1.6762e-01, -1.1956e-01, -5.7430e-02,
         -1.1670e-02,  2.2959e-02,  2.1085e-02, -4.8127e-02, -7.0975e-02,
         -4.0441e-02, -5.1183e-02, -5.0956e-02, -4.8455e-02, -4.6741e-02,
         -5.1504e-02, -4.8309e-02, -2.7278e-02,  3.6185e-03, -2.1586e-02,
          0.0000e+00, -1.4570e-03,  3.1432e-02,  1.1572e-02, -5.7024e-02,
         -1.3046e-01, -1.1790e-01, -1.4276e-01, -2.0049e-01, -2.2340e-01,
         -2.2827e-01, -1.8189e-01, -9.5782e-02, -2.1098e-02,  1.0482e-02,
          2.4075e-03, -1.5798e-02, -2.1431e-03, -1.0726e-02, -2.5201e-02,
         -3.4587e-02, -4.2404e-02, -2.5911e-02, -4.8426e-02, -5.3861e-02,
         -2.6385e-02,  1.0424e-03,  2.2525e-03,  1.7533e-03,  1.5888e-03,
         -5.6281e-03, -1.0993e-02, -2.8853e-02, -6.9526e-02, -9.6575e-02,
         -1.2357e-01, -1.4775e-01, -1.7937e-01, -2.1365e-01, -1.7137e-01,
         -8.8974e-02, -5.1372e-02, -4.4852e-02, -4.8429e-02, -1.3717e-02,
         -3.8154e-03, -2.0759e-02, -5.8439e-02, -5.7033e-02, -5.0445e-02,
         -1.4367e-02, -4.5445e-02, -3.4540e-02,  2.5409e-03, -4.3933e-02,
          1.7559e-03,  1.7528e-03, -1.1600e-03,  2.5164e-03, -5.5915e-03,
         -6.9298e-03, -4.4381e-02, -8.8762e-02, -1.0384e-01, -1.3436e-01,
         -1.1916e-01, -1.2561e-01, -1.2735e-01, -8.9547e-02, -7.1592e-02,
         -8.7574e-02, -9.0927e-02, -2.6071e-02, -1.0836e-02, -3.4613e-02,
         -5.7179e-02, -1.9107e-02,  5.7536e-03, -7.8794e-03, -1.5335e-02,
         -6.1806e-03,  6.5060e-03, -9.5794e-03,  1.7613e-03,  0.0000e+00,
         -2.1471e-02,  6.8197e-04, -1.9523e-03, -1.6238e-02, -4.6798e-02,
         -7.7604e-02, -1.0197e-01, -1.0387e-01, -7.2011e-02, -5.6840e-02,
         -7.1890e-02, -5.5028e-02, -9.0839e-02, -9.3615e-02, -6.0830e-02,
          4.3227e-03, -1.3420e-03, -8.3829e-03, -1.8263e-03,  5.5785e-02,
          4.2616e-02,  2.0512e-02,  2.2921e-02,  1.3517e-02,  3.8816e-03,
          4.4859e-03,  0.0000e+00,  0.0000e+00,  0.0000e+00,  3.8600e-03,
         -8.8663e-05, -2.2588e-02, -2.8915e-02, -4.2079e-02, -6.6330e-02,
         -3.6951e-02,  2.5387e-02,  2.1897e-02,  3.3867e-02,  1.7344e-02,
         -1.9334e-02,  8.4308e-03, -1.9256e-02,  4.3663e-02,  5.2546e-02,
          3.4833e-02,  6.0742e-02,  1.2474e-01,  5.0919e-02,  9.7681e-02,
          7.1284e-02,  7.5695e-03,  4.9277e-03,  2.0267e-03,  0.0000e+00,
          0.0000e+00,  0.0000e+00,  2.8726e-03,  3.6406e-03,  7.3169e-03,
         -1.7172e-03, -5.6007e-03,  1.2369e-03,  1.6147e-02,  7.2911e-02,
          6.9476e-02,  4.4759e-02,  3.6588e-02,  2.8567e-02,  5.3449e-02,
          7.4271e-02,  9.9127e-02,  7.7500e-02,  6.2473e-02,  4.1797e-02,
          3.4318e-02,  2.2117e-02,  1.7969e-02,  1.3131e-02,  7.3400e-03,
          2.9440e-03,  1.7370e-03,  0.0000e+00,  0.0000e+00,  0.0000e+00,
          0.0000e+00,  1.7555e-03,  6.6727e-03,  1.4480e-02,  2.4755e-02,
          3.6579e-02,  4.9781e-02,  6.1882e-02,  7.1640e-02,  7.6981e-02,
          8.4365e-02,  7.9824e-02,  7.7372e-02,  7.1915e-02,  5.8024e-02,
          5.1615e-02,  3.9438e-02,  2.8981e-02,  2.0797e-02,  1.1304e-02,
          8.5085e-03,  5.9903e-03,  2.8209e-03,  1.7598e-03,  0.0000e+00,
          0.0000e+00,  0.0000e+00,  0.0000e+00,  0.0000e+00,  0.0000e+00,
          2.5010e-03,  3.9179e-03,  6.9865e-03,  9.9834e-03,  1.2174e-02,
          1.4573e-02,  1.9594e-02,  2.1328e-02,  2.4133e-02,  2.5986e-02,
          2.7864e-02,  2.6248e-02,  2.3728e-02,  1.9699e-02,  1.5412e-02,
          1.0937e-02,  7.8319e-03,  4.9723e-03,  3.8977e-03,  2.4908e-03,
          0.0000e+00,  0.0000e+00,  0.0000e+00,  0.0000e+00],
        [ 0.0000e+00,  0.0000e+00,  0.0000e+00,  0.0000e+00,  0.0000e+00,
          0.0000e+00,  0.0000e+00,  0.0000e+00,  0.0000e+00,  0.0000e+00,
          0.0000e+00,  0.0000e+00,  6.4683e-03,  8.7851e-04, -6.9961e-03,
         -6.8046e-03,  0.0000e+00,  0.0000e+00,  0.0000e+00,  0.0000e+00,
          0.0000e+00,  0.0000e+00,  0.0000e+00,  0.0000e+00,  0.0000e+00,
          0.0000e+00,  0.0000e+00,  0.0000e+00,  0.0000e+00,  0.0000e+00,
          0.0000e+00,  0.0000e+00,  6.9952e-03,  1.0800e-02,  1.6101e-02,
          2.1377e-02,  2.7552e-02,  3.6112e-02,  4.6022e-02,  5.6749e-02,
          6.0084e-02,  5.9242e-02,  5.9996e-02,  3.7448e-02, -4.0250e-02,
         -3.5241e-06,  4.0887e-02,  3.4862e-02,  3.0308e-02,  1.9143e-02,
          1.4487e-02,  7.6200e-03,  0.0000e+00,  0.0000e+00,  0.0000e+00,
          0.0000e+00,  0.0000e+00,  0.0000e+00,  7.0816e-03,  9.3160e-03,
          1.4824e-02, -4.0424e-02, -2.4408e-03,  1.3813e-02,  2.5850e-02,
          3.8610e-02,  3.6355e-02,  5.7139e-02,  8.5127e-02,  9.4325e-02,
          1.0491e-01,  1.0732e-01,  1.0680e-01,  1.3951e-01,  1.6687e-01,
          1.6056e-01,  1.3052e-01,  1.0475e-01,  7.2762e-02,  4.2760e-02,
          3.0283e-03, -1.7985e-02,  0.0000e+00,  0.0000e+00,  0.0000e+00,
          0.0000e+00,  5.7155e-03,  1.5423e-02,  2.1185e-02, -2.6532e-02,
         -1.2384e-02, -1.7669e-03, -1.0805e-02, -1.4018e-02,  3.5283e-03,
         -1.5240e-02, -1.4087e-02, -3.4619e-03,  2.6275e-02,  8.2052e-02,
          8.9314e-02,  7.8954e-02,  8.1710e-02,  1.0047e-01,  6.5049e-02,
          5.2059e-02,  5.5223e-02,  2.1932e-02,  9.3832e-03,  1.2610e-02,
          1.1281e-02,  0.0000e+00,  0.0000e+00,  7.0617e-03,  1.1149e-03,
          7.2875e-03, -1.9177e-03, -2.5495e-02,  2.3667e-02,  3.0725e-02,
          7.6952e-03,  1.2118e-02,  1.0353e-02,  1.9674e-02,  1.4069e-02,
          1.8449e-02,  3.6693e-02,  6.1931e-02,  5.5537e-02,  5.7982e-02,
          5.3174e-02,  4.5755e-02,  4.7580e-02,  5.7711e-02,  3.7379e-02,
          5.7789e-02,  4.7535e-02,  2.5378e-02, -2.4065e-02,  1.0020e-02,
          0.0000e+00, -6.0241e-02,  1.6982e-02,  6.2722e-03, -1.0689e-03,
         -8.4318e-05,  3.5627e-02,  5.5469e-02,  3.8541e-02,  4.4046e-02,
          5.2858e-02,  4.1828e-02,  2.8202e-02,  1.6729e-02,  8.9044e-03,
          1.2072e-04, -1.9960e-04, -3.4798e-03,  8.6614e-04,  2.5621e-02,
          5.8331e-02,  5.9341e-02,  4.1781e-02,  1.4869e-02,  9.9110e-03,
          2.0235e-02,  3.4799e-02,  1.4271e-02,  0.0000e+00,  9.3937e-03,
         -2.3764e-02,  5.4575e-03, -8.1641e-03, -2.3477e-02, -1.4153e-02,
         -1.2132e-03, -2.6269e-02, -2.9257e-02, -3.4363e-02, -3.9627e-02,
         -4.5368e-02, -5.1023e-02, -3.9939e-02,  1.9609e-03,  6.1991e-04,
         -7.5947e-04, -2.0984e-02, -1.0886e-02,  1.4652e-02, -1.0591e-02,
         -1.7625e-02, -1.5607e-02,  4.6618e-02,  1.0375e-01,  9.0032e-02,
          1.9899e-02,  7.0711e-03,  2.4493e-02,  9.4674e-04,  2.2315e-02,
         -2.3597e-02, -2.2742e-02, -2.6199e-02, -3.7527e-02, -3.7652e-02,
         -2.8653e-02, -2.5057e-02, -3.3109e-02, -1.6474e-02,  1.6467e-02,
          4.5442e-02,  9.3229e-02,  7.1374e-02,  1.8097e-02,  4.5898e-03,
         -3.3661e-03,  6.2650e-03, -2.5562e-03, -1.6404e-02,  6.7420e-03,
          1.0668e-01,  1.5993e-01,  1.0360e-01,  1.0126e-02,  8.7417e-03,
          3.3523e-02,  5.4556e-02,  2.4153e-02, -2.5844e-02,  3.4527e-03,
         -1.2472e-02, -1.2153e-02,  2.3486e-02,  4.2283e-02,  3.6836e-02,
          5.9514e-02,  6.5454e-02,  6.7600e-02,  7.7291e-02,  8.9136e-02,
          6.0226e-02,  3.9368e-02,  2.3621e-02, -2.2873e-03, -2.6637e-02,
         -1.3237e-02, -1.0823e-02,  3.3872e-02,  1.1768e-01,  1.8982e-01,
          1.0486e-01,  2.6098e-02,  1.3002e-02,  4.2284e-02,  8.6027e-02,
          4.4591e-02,  1.5442e-03,  2.4278e-02,  2.7794e-02,  3.8704e-02,
          7.5541e-02,  1.0088e-01,  1.0098e-01,  1.2312e-01,  1.0530e-01,
          7.1308e-02,  2.8165e-02,  1.6143e-02,  2.9850e-03, -3.7229e-03,
         -2.4790e-02, -4.7070e-02, -4.0656e-02, -3.2326e-02,  9.9877e-03,
          4.8931e-02,  9.8179e-02,  1.6954e-01,  8.9667e-02,  2.8017e-02,
          1.3241e-02,  4.3039e-02,  7.7177e-02,  4.8137e-02,  1.7343e-02,
          4.8762e-02,  7.5833e-02,  8.3273e-02,  8.4234e-02,  1.0240e-01,
          1.0114e-01,  1.0087e-01,  6.2955e-02, -5.7980e-04, -4.9293e-02,
         -5.3037e-02, -5.9520e-02, -6.4139e-02, -7.1732e-02, -7.1299e-02,
         -4.5466e-02, -2.1648e-02, -1.1409e-03,  1.5690e-02,  3.4219e-02,
          9.4170e-02,  7.0216e-02,  2.4706e-02,  1.3358e-02,  3.7506e-02,
          7.0425e-02,  6.9090e-02,  3.3445e-02,  4.4045e-02,  7.2849e-02,
          9.4820e-02,  9.0828e-02,  8.6014e-02,  6.7804e-02,  8.7174e-02,
          6.7701e-02, -9.2793e-03, -9.2702e-02, -1.0728e-01, -8.3130e-02,
         -6.5981e-02, -4.7240e-02, -3.9245e-02, -2.4449e-03,  9.1380e-03,
         -1.4318e-02, -1.0989e-02, -1.9778e-02,  2.4808e-02,  5.4246e-02,
          1.8010e-02,  9.2251e-03,  1.6157e-02,  5.3945e-02,  5.5385e-02,
          3.0081e-02,  8.9149e-03,  3.1480e-02,  5.1240e-02,  5.0555e-02,
          2.3960e-02,  1.8999e-02,  7.1698e-02,  1.0228e-01, -2.8604e-03,
         -8.3409e-02, -5.9729e-02, -1.5366e-02,  1.3442e-02,  2.8119e-02,
          4.4243e-02,  3.5103e-02,  2.4726e-02, -4.9233e-03, -2.9307e-02,
         -2.6917e-02, -1.1849e-02,  3.9864e-02,  8.6123e-03,  7.0525e-03,
         -2.7160e-02,  3.0985e-02,  6.4373e-02,  1.0056e-02, -6.7472e-03,
         -2.6178e-02, -1.0962e-02, -1.8140e-02, -4.0784e-02, -3.2444e-02,
          4.3305e-02,  7.0192e-02, -1.2634e-03, -3.7313e-02,  2.3270e-02,
          5.4898e-02,  6.7824e-02,  6.2266e-02,  4.8824e-02,  2.3816e-02,
          2.5966e-02, -7.2012e-03, -2.8894e-02, -5.2881e-03, -4.2556e-03,
          1.2829e-02, -4.2390e-02,  7.0942e-03, -3.1533e-02,  7.3757e-03,
          4.7821e-02, -2.2971e-02, -4.6754e-02, -6.5868e-02, -6.4531e-02,
         -6.8772e-02, -8.8778e-02, -7.0216e-02, -1.0288e-02,  2.2344e-02,
         -2.5120e-02, -1.5168e-02,  4.0865e-02,  6.3293e-02,  5.6138e-02,
          3.3466e-02, -1.1847e-02, -1.3479e-02, -8.7099e-03, -1.8144e-02,
         -2.9581e-02, -2.4435e-04, -1.1934e-02,  1.3773e-03,  8.8114e-03,
          8.2508e-03, -9.4802e-03, -2.7433e-02,  1.3347e-02, -3.3257e-02,
         -4.0178e-02, -6.8205e-02, -6.9626e-02, -8.9218e-02, -1.1193e-01,
         -9.7204e-02, -3.8909e-02, -1.9408e-02, -4.3579e-02, -4.3607e-02,
          1.0771e-02,  5.0591e-02,  3.3500e-02,  3.4411e-03, -3.2097e-02,
         -2.1987e-02,  4.2205e-03, -1.1266e-02,  1.3223e-02,  7.6390e-03,
         -6.4027e-03,  1.9834e-04, -3.7603e-03,  7.0641e-03, -1.0594e-02,
          1.0596e-02,  4.9642e-03,  5.3016e-04, -1.6307e-02, -3.7750e-02,
         -5.7257e-02, -6.2216e-02, -6.4963e-02, -2.9254e-02,  1.6129e-02,
          1.2773e-02, -3.4396e-02, -4.5407e-02, -7.6156e-03,  1.3625e-02,
         -3.9157e-03, -2.9935e-02, -4.3483e-02, -2.6449e-02,  1.1123e-02,
          1.8930e-02,  2.5141e-02,  1.2836e-02, -3.2888e-02, -1.4644e-02,
         -1.6005e-02,  0.0000e+00,  1.2241e-02,  2.5440e-02,  8.8312e-04,
          2.3295e-02, -7.6186e-04, -7.1314e-03, -3.5679e-02, -3.9537e-02,
         -1.7735e-02,  5.4390e-02,  7.9877e-02,  4.3719e-02, -2.9876e-02,
         -5.0078e-02, -3.0250e-02, -4.1753e-03, -1.5980e-03, -1.1214e-02,
         -1.0164e-03, -1.0682e-02, -4.0785e-03,  7.4179e-03, -2.4587e-04,
         -1.5043e-03, -1.0849e-02,  7.7040e-03,  1.5683e-02,  1.0252e-02,
          1.3092e-02,  8.8889e-03,  1.0853e-02,  2.3696e-02, -1.2237e-02,
         -1.6930e-02, -4.9356e-02, -3.3281e-02,  2.5071e-02,  7.5676e-02,
          6.4871e-02,  1.9245e-02, -5.7750e-02, -6.8230e-02, -1.5136e-02,
         -6.3701e-03, -4.6578e-03,  2.2171e-02,  1.7441e-03, -3.3056e-02,
         -2.2492e-02, -9.5902e-04, -1.0743e-02, -1.6971e-02,  6.8244e-03,
         -1.8243e-02, -2.5174e-02,  6.9876e-03,  1.8927e-02,  4.2450e-03,
         -5.8835e-03, -6.0078e-03, -1.7998e-02, -1.3747e-02, -2.9484e-02,
         -9.3177e-03,  9.3511e-03,  3.7368e-02,  2.5074e-02, -1.8470e-03,
         -6.3625e-02, -3.8470e-02, -1.3542e-04, -9.2211e-03, -3.5524e-02,
         -1.0966e-02, -2.0053e-02, -4.2911e-02, -5.4549e-02, -3.8470e-02,
         -1.3966e-02, -2.9043e-02,  3.8800e-03, -2.5034e-02, -1.4603e-02,
          0.0000e+00,  1.5619e-02, -8.3228e-03,  1.5776e-03, -3.5663e-02,
         -4.6204e-02, -2.7320e-02, -2.1961e-02, -1.4307e-02, -9.3639e-03,
         -1.2653e-02, -2.3523e-03, -4.9440e-04, -8.9505e-03,  2.7988e-03,
          9.8226e-03, -3.5063e-02, -4.8540e-02, -2.0205e-02, -1.8833e-02,
         -4.3937e-02, -5.9854e-02, -3.6424e-02, -7.7232e-03, -7.3281e-03,
         -4.6288e-03, -1.2707e-02, -4.2227e-02,  7.0525e-03,  6.2696e-03,
         -1.8211e-02, -3.5551e-03, -1.1850e-02, -2.8626e-02, -5.6403e-02,
         -3.4396e-02, -1.9166e-02, -4.1234e-02, -5.2359e-02, -2.1352e-02,
          2.2081e-02,  2.3648e-02,  1.2156e-02, -9.4212e-03, -4.3479e-02,
         -4.1511e-02, -9.1335e-03, -1.3102e-02, -2.3987e-02, -1.7736e-02,
          1.3905e-02,  2.3954e-02,  2.3955e-02, -2.3393e-02, -4.0860e-02,
          7.0630e-03,  7.0507e-03,  9.0794e-03, -6.4324e-03, -1.0656e-02,
         -1.3535e-02,  9.7611e-04, -2.2336e-02, -1.1284e-02, -4.7580e-03,
         -2.9646e-02, -3.7838e-02, -2.3980e-02, -4.0347e-03, -9.3895e-03,
         -3.1740e-02, -4.2482e-02, -4.0145e-02, -4.9910e-03, -1.6419e-03,
         -9.2901e-05,  1.2559e-03, -4.0353e-03,  9.0785e-03,  2.6530e-02,
          3.6679e-02, -4.9373e-03, -3.2998e-02,  7.0849e-03,  0.0000e+00,
         -6.0241e-02,  2.2870e-03,  1.1820e-03, -1.8343e-03,  4.2936e-03,
          9.6000e-03,  5.2033e-03,  1.5760e-02,  2.0358e-03,  2.1458e-02,
          2.6804e-02,  3.1026e-02,  6.4174e-03, -3.8501e-02, -1.4278e-02,
         -7.8406e-03,  1.5352e-02,  9.1901e-04,  5.2886e-03,  2.0966e-02,
          1.7883e-03, -7.9019e-03, -1.1771e-02,  1.7715e-02,  1.2951e-02,
          7.2281e-03,  0.0000e+00,  0.0000e+00,  0.0000e+00,  1.4825e-02,
         -6.9237e-03,  1.0788e-02, -9.5416e-03,  2.6152e-02,  3.8548e-02,
          3.2534e-02,  4.8366e-02,  5.2620e-02,  5.9203e-02,  4.5800e-02,
          2.3888e-02,  1.4895e-02, -2.8961e-03, -7.2932e-03,  7.5668e-03,
          6.7296e-03,  8.5293e-03,  1.4254e-02,  1.2615e-02,  2.5926e-02,
          2.8731e-02,  1.8885e-02, -5.3938e-03, -4.7593e-02,  0.0000e+00,
          0.0000e+00,  0.0000e+00,  1.1555e-02,  1.8278e-02,  4.8708e-02,
          5.9042e-02,  7.2752e-02,  1.3293e-01,  1.8118e-01,  1.9382e-01,
          2.2247e-01,  2.6105e-01,  2.5685e-01,  1.9913e-01,  1.5492e-01,
          1.3771e-01,  1.3480e-01,  1.1749e-01,  1.1977e-01,  8.4196e-02,
          5.8627e-02,  4.4444e-02,  3.7912e-02,  3.7111e-02,  2.4674e-02,
         -1.7490e-02, -4.9697e-02,  0.0000e+00,  0.0000e+00,  0.0000e+00,
          0.0000e+00,  7.0617e-03,  2.6841e-02,  5.8246e-02,  9.9577e-02,
          1.4773e-01,  2.0174e-01,  2.4851e-01,  2.8179e-01,  3.1727e-01,
          3.3419e-01,  3.3181e-01,  3.0664e-01,  2.5863e-01,  2.2720e-01,
          1.9748e-01,  1.6459e-01,  1.3340e-01,  9.7447e-02,  6.6676e-02,
          4.1183e-02,  2.4096e-02,  1.1347e-02,  7.0791e-03,  0.0000e+00,
          0.0000e+00,  0.0000e+00,  0.0000e+00,  0.0000e+00,  0.0000e+00,
          1.0060e-02,  1.5760e-02,  2.8103e-02,  4.0158e-02,  4.8971e-02,
          5.8622e-02,  7.8815e-02,  8.5792e-02,  9.7075e-02,  1.0453e-01,
          1.1208e-01,  1.0558e-01,  9.5446e-02,  7.9241e-02,  6.1994e-02,
          4.3994e-02,  3.1504e-02,  2.0001e-02,  1.5679e-02,  1.0020e-02,
          0.0000e+00,  0.0000e+00,  0.0000e+00,  0.0000e+00],
        [ 0.0000e+00,  0.0000e+00,  0.0000e+00,  0.0000e+00,  0.0000e+00,
          0.0000e+00,  0.0000e+00,  0.0000e+00,  0.0000e+00,  0.0000e+00,
          0.0000e+00,  0.0000e+00,  6.4581e-03,  3.8914e-04, -7.8230e-03,
         -7.6089e-03,  0.0000e+00,  0.0000e+00,  0.0000e+00,  0.0000e+00,
          0.0000e+00,  0.0000e+00,  0.0000e+00,  0.0000e+00,  0.0000e+00,
          0.0000e+00,  0.0000e+00,  0.0000e+00,  0.0000e+00,  0.0000e+00,
          0.0000e+00,  0.0000e+00,  7.0553e-03,  1.0893e-02,  1.6239e-02,
          2.1561e-02,  2.7789e-02,  3.6422e-02,  4.6418e-02,  5.7237e-02,
          6.0599e-02,  5.9675e-02,  6.0394e-02,  4.0926e-02, -2.6008e-02,
          1.1463e-02,  4.1980e-02,  3.5161e-02,  3.0569e-02,  1.9307e-02,
          1.4612e-02,  7.6855e-03,  0.0000e+00,  0.0000e+00,  0.0000e+00,
          0.0000e+00,  0.0000e+00,  0.0000e+00,  7.1424e-03,  7.5522e-03,
          1.4850e-02,  7.8955e-03,  1.7929e-03, -6.7724e-03,  7.8851e-03,
          2.0479e-02,  2.1424e-02,  3.7110e-02,  6.3923e-02,  7.5377e-02,
          9.2068e-02,  9.5213e-02,  1.0226e-01,  1.4084e-01,  1.6965e-01,
          1.6600e-01,  1.3259e-01,  1.0566e-01,  7.3387e-02,  4.3220e-02,
          4.5446e-03, -1.5954e-02,  0.0000e+00,  0.0000e+00,  0.0000e+00,
          0.0000e+00,  6.2963e-03,  1.4498e-02,  2.1334e-02,  3.6536e-03,
         -1.0383e-02,  5.5396e-03,  1.1642e-02, -6.4385e-03,  3.3380e-03,
         -7.5342e-03, -9.4383e-03,  2.7023e-03,  2.7172e-02,  7.7108e-02,
          9.1246e-02,  8.7461e-02,  8.6345e-02,  1.0464e-01,  7.1355e-02,
          6.3125e-02,  5.6754e-02,  1.6440e-02, -8.5290e-04,  1.3847e-02,
          1.1378e-02,  0.0000e+00,  0.0000e+00,  7.1224e-03,  2.9443e-03,
          1.5705e-02,  5.6050e-03, -3.0238e-02,  7.1011e-03,  1.1534e-02,
         -1.7830e-02, -1.1512e-02, -8.0773e-03,  1.9089e-02,  2.6756e-02,
          3.0153e-02,  4.8438e-02,  6.3886e-02,  5.4404e-02,  6.1570e-02,
          5.4384e-02,  4.4935e-02,  6.3781e-02,  7.8735e-02,  3.9492e-02,
          4.3641e-02,  4.4767e-02,  3.0076e-02, -1.9276e-02,  1.0106e-02,
          0.0000e+00,  5.4695e-03,  2.1215e-02,  1.9554e-02,  1.5905e-02,
          1.5845e-02,  2.6041e-02,  1.9899e-02,  6.9361e-03,  1.8044e-02,
          4.3097e-02,  5.4089e-02,  4.1398e-02,  1.1937e-02,  7.4536e-03,
          7.3858e-03,  8.9924e-03, -6.1420e-04,  4.3610e-03,  3.5350e-02,
          6.3846e-02,  6.2116e-02,  4.3816e-02,  9.5779e-03,  1.0264e-02,
          3.0457e-02,  3.7665e-02,  1.4394e-02,  0.0000e+00,  9.4745e-03,
         -4.7500e-02, -1.7342e-02,  6.6662e-03,  6.0542e-03, -1.0184e-02,
         -1.6349e-02, -3.4444e-02, -2.7615e-02, -2.4322e-02, -2.0177e-02,
         -4.5052e-02, -6.3070e-02, -3.8299e-02,  1.1976e-02,  1.7923e-02,
          8.8886e-03, -8.8916e-03,  5.0517e-03,  1.6544e-02, -1.6481e-02,
         -2.9467e-02, -3.2004e-02,  3.7889e-02,  1.0510e-01,  9.1205e-02,
          2.6591e-02,  7.1319e-03,  2.4704e-02, -1.2999e-02,  2.4158e-02,
          1.0862e-02, -2.2218e-03, -2.1328e-02, -3.1824e-02, -2.9598e-02,
         -1.5220e-02, -6.6710e-03, -1.4918e-02, -1.4980e-02,  1.8624e-02,
          5.4769e-02,  9.9853e-02,  7.3064e-02,  1.9854e-02,  1.3477e-02,
          7.4154e-03,  1.0558e-02,  1.3583e-03, -2.9098e-02, -1.0748e-02,
          9.4105e-02,  1.6060e-01,  1.0587e-01,  2.3951e-02,  8.8168e-03,
          3.3811e-02,  5.8924e-02,  5.3862e-02,  1.1121e-02,  1.8346e-02,
         -9.2073e-03, -1.4004e-03,  2.7970e-02,  4.7691e-02,  4.7520e-02,
          6.8607e-02,  6.8865e-02,  7.5011e-02,  8.2670e-02,  8.3726e-02,
          4.5025e-02,  3.1287e-02,  2.9261e-02,  1.2799e-02, -1.6892e-02,
         -6.9065e-03, -2.0995e-02,  1.4177e-02,  1.0481e-01,  1.9187e-01,
          1.0589e-01,  2.6322e-02,  1.3114e-02,  4.2648e-02,  8.6937e-02,
          6.2963e-02,  2.1395e-02,  3.9232e-02,  3.6266e-02,  3.9904e-02,
          6.4339e-02,  9.8992e-02,  1.0565e-01,  1.2437e-01,  9.9751e-02,
          6.9997e-02,  3.1620e-02,  1.5313e-02, -1.1319e-02, -5.6183e-03,
         -8.5739e-03, -2.9919e-02, -3.0185e-02, -2.5208e-02,  8.0881e-03,
          3.2221e-02,  8.3150e-02,  1.6957e-01,  9.0895e-02,  2.8258e-02,
          1.3355e-02,  4.3409e-02,  7.9418e-02,  6.0798e-02,  2.9839e-02,
          6.2111e-02,  7.5323e-02,  7.5877e-02,  7.1399e-02,  1.0193e-01,
          1.0531e-01,  9.8164e-02,  5.6802e-02,  3.8107e-03, -3.9096e-02,
         -4.8573e-02, -7.2769e-02, -5.8350e-02, -5.2151e-02, -5.2670e-02,
         -3.9138e-02, -1.7296e-02,  4.1697e-03,  6.5801e-03,  1.7239e-02,
          9.1650e-02,  7.1276e-02,  2.4918e-02,  1.3473e-02,  3.8362e-02,
          7.5630e-02,  7.7052e-02,  4.0468e-02,  4.7539e-02,  6.6927e-02,
          9.4817e-02,  8.9114e-02,  9.3899e-02,  6.9894e-02,  7.8494e-02,
          6.5346e-02,  6.9257e-03, -8.1282e-02, -1.0590e-01, -9.7419e-02,
         -6.7065e-02, -3.8843e-02, -2.8858e-02, -5.4531e-03,  5.6288e-03,
         -4.6149e-03, -1.0627e-02, -3.9411e-02,  1.8898e-02,  5.4712e-02,
          1.8165e-02,  9.3044e-03,  2.3227e-02,  6.0461e-02,  5.8397e-02,
          2.7074e-02,  2.0034e-03,  3.4278e-02,  5.9732e-02,  5.9391e-02,
          3.1941e-02,  1.4652e-02,  6.3995e-02,  1.0358e-01,  9.2059e-03,
         -8.4343e-02, -6.4041e-02, -2.6681e-02,  1.0353e-02,  2.4082e-02,
          3.8903e-02,  2.0438e-02,  1.1800e-02,  4.8802e-03, -2.5854e-02,
         -4.0417e-02, -2.3282e-02,  4.0207e-02,  1.7056e-02,  7.1132e-03,
         -4.9182e-03,  3.9265e-02,  6.1241e-02, -5.6923e-03, -8.0796e-03,
         -1.4006e-02,  1.1859e-03, -9.7653e-03, -3.8091e-02, -3.4974e-02,
          4.1718e-02,  6.9402e-02,  6.1849e-03, -3.2716e-02,  2.9884e-02,
          5.4391e-02,  6.5313e-02,  6.3575e-02,  4.8359e-02,  8.0403e-03,
          1.0233e-02, -1.8247e-03, -2.4357e-02, -1.2727e-02, -1.4396e-02,
          2.3848e-02,  1.0721e-02,  7.1552e-03, -1.8355e-02,  1.8867e-02,
          4.3950e-02, -2.8045e-02, -4.1262e-02, -6.1905e-02, -6.1482e-02,
         -7.0743e-02, -8.5704e-02, -6.3617e-02, -3.0644e-03,  3.0223e-02,
         -1.3627e-02, -4.9650e-03,  4.6147e-02,  5.8947e-02,  4.6155e-02,
          2.6430e-02, -9.4132e-03, -2.9532e-02, -2.2548e-02, -1.1746e-02,
         -1.4468e-02,  5.5175e-03, -7.0398e-03, -1.4588e-02,  6.3888e-03,
          8.3217e-03, -2.2986e-02, -4.0177e-02,  1.1447e-02, -3.2471e-02,
         -4.7053e-02, -7.2019e-02, -7.8996e-02, -1.0066e-01, -1.1267e-01,
         -9.0722e-02, -3.7241e-02, -2.0192e-02, -3.7489e-02, -3.7983e-02,
          5.4873e-03,  3.8144e-02,  1.7371e-02, -1.7008e-02, -4.4079e-02,
         -3.9048e-02, -8.2824e-03, -3.8308e-03,  3.0460e-02,  1.4667e-02,
         -6.4847e-03,  2.1215e-03, -7.8318e-03,  7.1249e-03, -4.0208e-02,
         -3.7107e-02,  1.9522e-03, -1.3084e-03, -3.0477e-02, -4.7662e-02,
         -6.9451e-02, -7.3755e-02, -6.3588e-02, -2.3074e-02,  1.8204e-02,
          2.0786e-02, -2.0794e-02, -3.8369e-02, -1.8021e-02, -2.9828e-03,
         -2.1172e-02, -4.6513e-02, -5.5682e-02, -3.9073e-02, -6.2773e-03,
          1.6119e-02,  2.9476e-02,  6.4895e-03, -2.6747e-02,  1.2569e-02,
         -1.4946e-02,  0.0000e+00,  7.1459e-03, -8.5725e-03, -5.0288e-04,
          1.4506e-02, -1.1256e-02, -1.2516e-02, -3.3617e-02, -3.2097e-02,
         -1.2221e-02,  5.6486e-02,  7.4647e-02,  4.0750e-02, -2.8802e-02,
         -4.9039e-02, -3.0686e-02, -9.1051e-03, -6.4311e-03, -1.3863e-02,
          4.9003e-04, -8.4521e-03, -1.3322e-02, -6.8594e-03, -2.0121e-02,
         -3.1235e-02, -3.9024e-02, -1.3014e-02,  1.6628e-02,  1.0341e-02,
         -1.0562e-02, -1.5129e-02,  2.4851e-02,  2.0291e-02, -1.8730e-02,
         -1.5400e-02, -3.3216e-02, -1.7246e-02,  3.7884e-02,  9.0339e-02,
          7.0827e-02,  2.4757e-02, -5.2517e-02, -6.0413e-02,  1.5318e-03,
          1.3822e-02,  8.7196e-03,  3.0609e-02,  1.7255e-02, -2.1325e-02,
         -2.2023e-02, -1.0823e-02, -3.1372e-02, -4.0900e-02,  2.9362e-03,
         -2.1175e-02, -3.2339e-02,  7.0477e-03, -1.5940e-02, -4.4367e-03,
          1.7279e-02,  3.1917e-04, -2.0293e-02, -1.3922e-02, -1.7039e-02,
          8.2453e-04,  2.3400e-02,  5.7676e-02,  3.9524e-02,  1.2795e-02,
         -4.9157e-02, -2.1370e-02,  1.7823e-02,  1.4021e-02, -1.8463e-02,
          5.0999e-03, -1.7676e-03, -2.8831e-02, -4.5170e-02, -2.6539e-02,
         -1.8179e-02, -2.7056e-02,  1.1195e-02, -2.8520e-02, -3.2510e-02,
          0.0000e+00, -2.2496e-02, -1.7741e-02,  1.2313e-02, -1.7615e-02,
         -4.5015e-02, -2.9496e-02, -1.5461e-02, -1.2446e-02, -1.0488e-02,
         -2.5507e-03,  2.2854e-03,  3.1024e-03, -3.5888e-03,  9.5765e-03,
          1.9610e-02, -2.1278e-02, -3.7097e-02, -5.7996e-03, -2.0546e-03,
         -3.3216e-02, -5.0586e-02, -2.7313e-02, -4.3979e-03, -4.8861e-03,
         -1.6492e-02, -2.2496e-02, -6.7656e-03,  7.1132e-03, -2.5109e-02,
         -4.6196e-02, -8.1523e-03,  7.2644e-04, -2.5791e-02, -4.9411e-02,
         -2.9744e-02, -2.2999e-02, -4.4898e-02, -5.0674e-02, -2.5980e-02,
          1.7766e-02,  2.3419e-02,  2.3691e-02,  9.2037e-03, -3.2927e-02,
         -4.6717e-02, -1.3691e-02, -4.0301e-03, -1.5256e-02, -1.3583e-02,
          7.6074e-03,  1.4316e-02,  4.9250e-03, -3.7648e-02, -4.8913e-02,
          7.1237e-03,  7.1113e-03, -1.4342e-02, -2.9834e-02, -3.3589e-02,
         -1.7529e-02, -7.0628e-03, -1.3205e-02,  2.2658e-03, -3.8798e-03,
         -3.0116e-02, -3.7202e-02, -2.6584e-02, -6.7449e-04,  2.6386e-03,
         -1.5747e-02, -3.2657e-02, -5.0726e-02, -2.7273e-02, -1.5924e-02,
         -2.5871e-03,  4.0938e-04, -1.4951e-02, -3.2044e-03,  1.5933e-02,
          2.0901e-02,  7.0478e-03, -1.1324e-03,  7.1457e-03,  0.0000e+00,
          5.4695e-03,  6.3228e-03, -8.4844e-03, -1.5275e-02, -2.3730e-02,
         -4.0267e-03,  7.4867e-03,  1.1867e-02, -1.0092e-02,  1.0974e-02,
          1.6930e-02,  3.2303e-02,  1.0609e-02, -3.3785e-02, -1.1923e-02,
         -1.5412e-02, -1.2236e-03, -1.5149e-02,  4.5687e-03,  1.9357e-02,
         -1.3520e-02, -2.2374e-02, -9.5868e-03,  2.2593e-02,  2.5895e-02,
          3.9898e-03,  0.0000e+00,  0.0000e+00,  0.0000e+00,  1.3508e-02,
          7.2476e-03,  1.5149e-02, -2.4507e-02,  1.2090e-02,  2.2084e-02,
          1.5709e-02,  2.5599e-02,  3.0809e-02,  4.8209e-02,  5.4180e-02,
          3.7652e-02,  2.7154e-02,  1.2299e-02,  1.3466e-02,  2.0005e-02,
          6.6424e-03,  2.0546e-02,  2.3490e-02,  5.1257e-03,  1.0003e-02,
          2.7297e-02,  1.7070e-02, -5.5975e-03, -4.8350e-02,  0.0000e+00,
          0.0000e+00,  0.0000e+00,  1.1654e-02,  1.5886e-02,  4.4299e-02,
          7.1829e-02,  8.3171e-02,  1.3495e-01,  1.7707e-01,  1.9238e-01,
          2.2470e-01,  2.6557e-01,  2.6548e-01,  2.0882e-01,  1.5779e-01,
          1.2895e-01,  1.3895e-01,  1.2831e-01,  1.2364e-01,  9.0396e-02,
          7.1304e-02,  5.0673e-02,  3.8328e-02,  3.8200e-02,  2.5097e-02,
         -1.7824e-02, -5.0478e-02,  0.0000e+00,  0.0000e+00,  0.0000e+00,
          0.0000e+00,  7.1224e-03,  2.7072e-02,  5.8747e-02,  1.0043e-01,
          1.4900e-01,  2.0348e-01,  2.5082e-01,  2.8472e-01,  3.1933e-01,
          3.3592e-01,  3.3422e-01,  3.1084e-01,  2.6363e-01,  2.3062e-01,
          1.9788e-01,  1.6453e-01,  1.3341e-01,  9.8217e-02,  6.7145e-02,
          4.1503e-02,  2.4303e-02,  1.1444e-02,  7.1399e-03,  0.0000e+00,
          0.0000e+00,  0.0000e+00,  0.0000e+00,  0.0000e+00,  0.0000e+00,
          1.0147e-02,  1.5896e-02,  2.8345e-02,  4.0503e-02,  4.9392e-02,
          5.9126e-02,  7.9493e-02,  8.6530e-02,  9.7910e-02,  1.0543e-01,
          1.1305e-01,  1.0649e-01,  9.6266e-02,  7.9922e-02,  6.2527e-02,
          4.4372e-02,  3.1775e-02,  2.0173e-02,  1.5814e-02,  1.0106e-02,
          0.0000e+00,  0.0000e+00,  0.0000e+00,  0.0000e+00],
        [ 0.0000e+00,  0.0000e+00,  0.0000e+00,  0.0000e+00,  0.0000e+00,
          0.0000e+00,  0.0000e+00,  0.0000e+00,  0.0000e+00,  0.0000e+00,
          0.0000e+00,  0.0000e+00,  7.6590e-03,  9.3169e-03,  5.9272e-03,
          5.7650e-03,  0.0000e+00,  0.0000e+00,  0.0000e+00,  0.0000e+00,
          0.0000e+00,  0.0000e+00,  0.0000e+00,  0.0000e+00,  0.0000e+00,
          0.0000e+00,  0.0000e+00,  0.0000e+00,  0.0000e+00,  0.0000e+00,
          0.0000e+00,  0.0000e+00,  7.0762e-03,  1.0925e-02,  1.6287e-02,
          2.1625e-02,  2.7871e-02,  3.6530e-02,  4.6555e-02,  5.7406e-02,
          6.0821e-02,  6.1222e-02,  6.2693e-02,  4.1999e-02, -1.8877e-02,
          1.2804e-02,  4.2023e-02,  3.5265e-02,  3.0659e-02,  1.9365e-02,
          1.4655e-02,  7.7082e-03,  0.0000e+00,  0.0000e+00,  0.0000e+00,
          0.0000e+00,  0.0000e+00,  0.0000e+00,  7.1636e-03, -4.8228e-02,
          1.1811e-02, -1.4450e-02, -2.0493e-03,  7.0275e-03,  2.0357e-02,
          3.1716e-02,  2.5024e-02,  3.2728e-02,  5.8708e-02,  7.8394e-02,
          9.6517e-02,  1.0507e-01,  1.2149e-01,  1.5684e-01,  1.7921e-01,
          1.6913e-01,  1.3415e-01,  1.0599e-01,  7.3605e-02,  4.4620e-02,
          2.4871e-02,  1.3784e-02,  0.0000e+00,  0.0000e+00,  0.0000e+00,
          0.0000e+00,  9.1442e-03, -1.7470e-02,  1.4753e-02, -3.1367e-04,
         -2.1584e-02, -1.7299e-02, -2.7140e-02, -2.5395e-02,  1.1555e-03,
         -9.3211e-03, -1.2333e-02, -2.0499e-03,  2.6398e-02,  8.0211e-02,
          9.1754e-02,  8.7237e-02,  9.2879e-02,  1.0800e-01,  6.6423e-02,
          3.5028e-02,  3.7588e-02,  2.2608e-02,  1.9468e-02,  2.9271e-02,
          1.1412e-02,  0.0000e+00,  0.0000e+00,  7.1435e-03,  1.2638e-02,
         -1.2521e-04,  7.0803e-03, -1.4419e-02,  5.4802e-03, -4.2428e-03,
         -2.3146e-02,  1.2700e-02,  2.1770e-02,  3.9819e-02,  3.4828e-02,
          2.8744e-02,  4.2304e-02,  6.9377e-02,  5.2818e-02,  4.5858e-02,
          5.1666e-02,  4.7321e-02,  5.4468e-02,  5.0096e-02,  2.8502e-02,
          5.9441e-02,  4.6637e-02,  4.9089e-02,  1.7381e-02,  1.0136e-02,
          0.0000e+00,  8.8609e-04,  2.0994e-02, -8.6372e-03, -5.0800e-03,
         -4.0360e-03,  9.7916e-03,  2.2444e-02,  2.9310e-02,  4.6476e-02,
          5.8396e-02,  6.0070e-02,  4.8207e-02,  2.2822e-02,  1.0230e-02,
          4.6266e-03,  8.3740e-03, -2.4656e-03,  4.2582e-03,  3.0915e-02,
          6.1439e-02,  5.7888e-02,  3.2768e-02,  2.0924e-02,  2.5105e-02,
          3.5013e-02,  5.6643e-02,  1.4437e-02,  0.0000e+00,  9.5026e-03,
         -1.0415e-02,  1.5571e-02,  7.5220e-03, -2.5532e-02, -3.6855e-02,
         -1.7087e-02, -1.5960e-02, -2.1113e-02, -3.2013e-02, -2.8904e-02,
         -4.1518e-02, -6.6909e-02, -5.5425e-02, -8.9952e-03, -1.4194e-04,
          7.8250e-03, -5.3563e-03,  5.2022e-04,  1.8594e-02, -6.8006e-03,
         -2.2964e-02, -2.0554e-02,  5.1151e-02,  1.0423e-01,  9.1085e-02,
          1.5852e-02,  7.1529e-03,  2.4777e-02, -5.0549e-03,  4.8817e-02,
          3.7587e-04, -3.4517e-02, -4.6903e-02, -3.2780e-02, -2.2192e-02,
         -2.0436e-02, -1.8472e-02, -3.0050e-02, -2.9842e-02, -1.1018e-02,
          2.0743e-02,  7.4665e-02,  6.3829e-02,  1.9744e-02,  1.9788e-02,
          4.9290e-03,  1.7104e-02,  8.2582e-03, -2.2806e-02, -6.2476e-03,
          1.0403e-01,  1.6328e-01,  1.0613e-01,  1.2333e-03,  8.8430e-03,
          3.3911e-02,  5.2572e-02,  5.0672e-02, -5.7211e-03, -1.0587e-02,
         -2.4367e-02, -3.6369e-03,  3.0486e-02,  5.2219e-02,  4.8366e-02,
          6.1117e-02,  5.3681e-02,  4.5716e-02,  6.2876e-02,  8.3166e-02,
          5.5139e-02,  3.4828e-02,  2.9956e-02,  9.1545e-03, -9.5678e-03,
         -3.6347e-04, -2.4609e-02,  3.7975e-03,  1.0899e-01,  1.9493e-01,
          1.0624e-01,  2.6400e-02,  1.3153e-02,  4.2774e-02,  8.4997e-02,
          5.6260e-02,  1.1368e-02,  1.9073e-02,  2.1374e-02,  4.1907e-02,
          7.5940e-02,  1.0746e-01,  1.0359e-01,  1.1377e-01,  8.6957e-02,
          5.2757e-02,  2.2168e-02,  2.2278e-02,  1.2126e-02, -5.4418e-03,
         -1.5954e-02, -3.1723e-02, -2.0730e-02, -2.1082e-02, -7.9186e-03,
          1.2528e-02,  8.5617e-02,  1.7340e-01,  9.0915e-02,  2.8341e-02,
          1.3395e-02,  4.3538e-02,  7.8605e-02,  5.3510e-02,  2.5356e-02,
          5.0858e-02,  7.4324e-02,  8.7325e-02,  8.9692e-02,  1.0617e-01,
          1.0048e-01,  9.1561e-02,  4.9561e-02, -1.1189e-02, -4.8594e-02,
         -4.1564e-02, -5.2326e-02, -6.6060e-02, -6.2638e-02, -5.1503e-02,
         -3.3735e-02, -1.4759e-02, -1.8848e-02, -1.8456e-02,  1.8005e-02,
          9.4466e-02,  7.1238e-02,  2.4992e-02,  1.3513e-02,  3.7913e-02,
          7.3365e-02,  7.5476e-02,  3.7454e-02,  4.3867e-02,  7.0510e-02,
          9.7471e-02,  9.1835e-02,  9.0127e-02,  7.0768e-02,  7.9881e-02,
          6.1060e-02, -1.3965e-02, -8.6172e-02, -9.5715e-02, -8.0311e-02,
         -6.9920e-02, -4.2731e-02, -3.1779e-02, -3.7113e-03,  7.1449e-03,
         -2.3835e-02, -3.7384e-02, -4.4413e-02,  7.3110e-03,  5.4874e-02,
          1.8219e-02,  9.3319e-03,  1.3972e-02,  5.5026e-02,  6.2848e-02,
          2.8934e-02,  3.7007e-03,  2.9229e-02,  4.7100e-02,  4.5220e-02,
          2.7469e-02,  2.1872e-02,  6.7197e-02,  9.2555e-02, -1.2449e-02,
         -8.0879e-02, -4.9998e-02, -1.1821e-02,  1.4041e-02,  2.6480e-02,
          3.4661e-02,  2.0061e-02,  1.4927e-02, -6.5579e-03, -4.3722e-02,
         -4.3369e-02, -3.1362e-02,  4.0326e-02,  8.6368e-03,  7.1343e-03,
         -4.1747e-02,  3.1156e-02,  6.9515e-02,  6.8393e-03, -4.9707e-03,
         -2.9776e-02, -1.7775e-02, -1.5883e-02, -3.2839e-02, -3.0209e-02,
          3.2675e-02,  5.2196e-02, -5.4071e-03, -2.3309e-02,  3.9326e-02,
          6.2955e-02,  6.3799e-02,  5.9743e-02,  4.0644e-02,  6.9625e-03,
          1.6119e-02, -1.4307e-04, -2.6370e-02, -3.3955e-03, -9.6821e-03,
          1.8548e-02, -4.3362e-02,  7.1764e-03, -3.1937e-02,  8.2253e-03,
          5.4424e-02, -1.3948e-02, -4.0362e-02, -7.3939e-02, -6.5043e-02,
         -5.8361e-02, -7.1180e-02, -6.4985e-02, -1.7950e-02,  1.6128e-02,
         -1.5690e-02,  6.9434e-03,  5.0918e-02,  6.0489e-02,  4.8603e-02,
          3.0917e-02, -1.4689e-02, -2.8328e-02, -1.6253e-02, -8.2082e-03,
         -1.5373e-02,  1.1598e-02, -1.7084e-02,  8.4148e-03,  3.6086e-03,
          8.3464e-03,  7.5717e-05, -1.1095e-02,  2.2429e-02, -2.8715e-02,
         -4.3446e-02, -7.5205e-02, -6.3571e-02, -7.4644e-02, -1.0256e-01,
         -9.9511e-02, -5.3897e-02, -3.6141e-02, -4.0681e-02, -3.1432e-02,
          1.4720e-02,  4.4544e-02,  2.0528e-02, -1.2962e-02, -5.0907e-02,
         -3.9743e-02, -7.1361e-03, -6.9639e-03,  1.9813e-02,  1.3718e-02,
         -2.3366e-02,  4.3050e-03, -9.8838e-03,  7.1459e-03, -3.9094e-02,
         -2.3952e-03, -6.6225e-04, -1.5265e-02, -3.2153e-02, -4.9731e-02,
         -5.0160e-02, -5.1032e-02, -5.5295e-02, -2.5945e-02,  1.6600e-02,
          1.0906e-02, -2.7116e-02, -3.9249e-02, -1.0213e-02,  5.8577e-03,
         -2.2383e-02, -5.5077e-02, -7.0304e-02, -4.4379e-02, -2.1769e-03,
          1.7677e-02,  2.8461e-02,  5.9467e-03, -3.9978e-02,  4.8623e-03,
         -2.0979e-02,  0.0000e+00,  9.2197e-03,  9.1674e-03, -2.7983e-03,
         -1.6374e-03, -1.8508e-02, -1.3212e-02, -2.2874e-02, -2.8988e-02,
         -9.9747e-03,  5.7068e-02,  8.4453e-02,  4.6960e-02, -2.8441e-02,
         -4.8606e-02, -3.7231e-02, -1.3015e-02, -1.7196e-02, -3.1044e-02,
         -1.6826e-02, -1.5180e-02, -4.3972e-03,  1.2804e-02, -1.0959e-03,
         -1.7949e-02, -2.1086e-02,  2.6809e-02,  1.6163e-02,  1.0371e-02,
          7.7494e-03, -2.1785e-02,  2.7546e-02,  8.5413e-03, -1.8607e-02,
         -1.8666e-02, -3.7207e-02, -2.7573e-02,  3.0502e-02,  7.9840e-02,
          6.7037e-02,  2.3898e-02, -5.3670e-02, -6.9584e-02, -1.9372e-02,
         -4.1261e-03, -3.4008e-03,  1.6148e-02, -7.8571e-03, -3.2876e-02,
         -1.6243e-02,  1.1164e-02, -5.6617e-03, -1.7493e-02,  9.6647e-03,
         -2.0571e-03, -4.0800e-02,  7.0686e-03,  5.5453e-03,  7.1723e-03,
          2.4098e-02, -1.7809e-02, -2.6778e-02, -2.6767e-02, -2.4399e-02,
         -5.5307e-03,  8.2460e-03,  3.5240e-02,  2.6473e-02,  7.3378e-03,
         -5.4683e-02, -3.9108e-02, -1.0982e-02, -7.3957e-03, -2.4188e-02,
         -6.9914e-03, -2.4298e-02, -4.1963e-02, -4.8634e-02, -3.0808e-02,
         -1.2674e-02, -2.9983e-02, -1.7531e-03, -3.0659e-03, -4.8034e-02,
          0.0000e+00, -4.1444e-03,  1.2192e-02,  1.3050e-02, -5.3284e-02,
         -6.1501e-02, -4.2498e-02, -2.2460e-02, -1.1956e-02, -1.5055e-02,
         -1.3942e-02, -6.0323e-04,  1.3516e-02,  4.9949e-03,  8.7320e-04,
          3.7659e-03, -2.9633e-02, -2.6883e-02, -7.9287e-03, -1.7120e-02,
         -4.6196e-02, -6.5286e-02, -4.3744e-02, -2.0445e-02, -1.1379e-02,
         -4.9179e-03,  1.3563e-02, -4.1268e-02,  7.1343e-03, -1.2063e-02,
         -1.6373e-02, -1.0657e-02, -3.4726e-02, -5.6556e-02, -6.9121e-02,
         -3.6026e-02, -1.8545e-02, -3.9370e-02, -5.2320e-02, -2.0276e-02,
          2.9628e-02,  2.8768e-02,  1.9771e-02, -5.1686e-04, -2.9840e-02,
         -2.4221e-02, -1.6808e-03, -1.8787e-02, -4.2195e-02, -2.7625e-02,
         -1.7200e-03, -5.5503e-03,  2.8927e-03, -2.5498e-02, -1.3584e-02,
          7.1447e-03,  7.1324e-03, -1.8818e-02, -1.5164e-02, -2.5564e-02,
         -2.7725e-02, -2.2956e-02, -3.9806e-02, -1.6008e-02, -1.1495e-02,
         -3.4487e-02, -4.0585e-02, -2.4147e-02,  1.3551e-03, -4.5619e-03,
         -1.9099e-02, -3.6825e-02, -3.5091e-02,  6.5711e-03,  8.7362e-04,
         -1.7252e-02, -1.9710e-02, -1.2205e-02,  8.2686e-03,  1.2399e-02,
          1.2696e-02, -5.2446e-03,  6.0421e-03,  7.1669e-03,  0.0000e+00,
          8.8614e-04,  2.0057e-02,  2.3532e-02,  8.1708e-04, -2.8840e-03,
         -6.3648e-03, -6.1974e-03,  1.0148e-02, -5.6678e-04,  2.3932e-02,
          3.5171e-02,  3.8598e-02,  7.2253e-03, -3.5026e-02, -1.2911e-02,
          9.6353e-04,  2.9547e-02,  9.4128e-03,  1.2274e-03,  1.8097e-02,
         -2.1044e-03, -9.8427e-03, -2.9502e-03,  1.6490e-02,  2.5515e-02,
         -1.9237e-02,  0.0000e+00,  0.0000e+00,  0.0000e+00,  1.7819e-02,
          7.4936e-03,  1.4595e-02, -5.2075e-03,  2.2800e-02,  3.0744e-02,
          2.5503e-02,  4.3655e-02,  4.9154e-02,  6.5295e-02,  6.6214e-02,
          4.3056e-02,  2.4011e-02,  5.3147e-03,  9.4851e-03,  2.7032e-02,
          2.4049e-02,  2.2387e-02,  2.5150e-02,  1.8415e-03,  1.1357e-02,
          2.5966e-02,  2.9365e-02,  1.8423e-02,  4.6469e-03,  0.0000e+00,
          0.0000e+00,  0.0000e+00,  1.1689e-02,  1.9119e-02,  5.0534e-02,
          6.7570e-02,  7.6726e-02,  1.3688e-01,  1.8220e-01,  1.9385e-01,
          2.2172e-01,  2.6221e-01,  2.6097e-01,  2.0667e-01,  1.5826e-01,
          1.2845e-01,  1.3664e-01,  1.2697e-01,  1.3273e-01,  1.0145e-01,
          6.7052e-02,  4.6375e-02,  4.3539e-02,  4.0726e-02,  2.7956e-02,
          1.0085e-02,  3.4072e-03,  0.0000e+00,  0.0000e+00,  0.0000e+00,
          0.0000e+00,  7.1434e-03,  2.7152e-02,  5.8921e-02,  1.0073e-01,
          1.4944e-01,  2.0408e-01,  2.5099e-01,  2.8273e-01,  3.1923e-01,
          3.3729e-01,  3.3470e-01,  3.1088e-01,  2.6329e-01,  2.3101e-01,
          2.0054e-01,  1.6706e-01,  1.3502e-01,  9.8484e-02,  6.7306e-02,
          4.1614e-02,  2.4375e-02,  1.1478e-02,  7.1611e-03,  0.0000e+00,
          0.0000e+00,  0.0000e+00,  0.0000e+00,  0.0000e+00,  0.0000e+00,
          1.0177e-02,  1.5943e-02,  2.8429e-02,  4.0623e-02,  4.9538e-02,
          5.9301e-02,  7.9728e-02,  8.6786e-02,  9.8200e-02,  1.0574e-01,
          1.1338e-01,  1.0681e-01,  9.6552e-02,  8.0159e-02,  6.2712e-02,
          4.4503e-02,  3.1869e-02,  2.0233e-02,  1.5860e-02,  1.0136e-02,
          0.0000e+00,  0.0000e+00,  0.0000e+00,  0.0000e+00],
        [ 0.0000e+00,  0.0000e+00,  0.0000e+00,  0.0000e+00,  0.0000e+00,
          0.0000e+00,  0.0000e+00,  0.0000e+00,  0.0000e+00,  0.0000e+00,
          0.0000e+00,  0.0000e+00,  5.4879e-03, -6.5150e-03, -1.8402e-02,
         -1.7898e-02,  0.0000e+00,  0.0000e+00,  0.0000e+00,  0.0000e+00,
          0.0000e+00,  0.0000e+00,  0.0000e+00,  0.0000e+00,  0.0000e+00,
          0.0000e+00,  0.0000e+00,  0.0000e+00,  0.0000e+00,  0.0000e+00,
          0.0000e+00,  0.0000e+00,  6.9934e-03,  1.0798e-02,  1.6097e-02,
          2.1372e-02,  2.7545e-02,  3.6103e-02,  4.6011e-02,  5.6735e-02,
          6.0034e-02,  5.8093e-02,  5.8225e-02,  4.6023e-02,  3.9588e-03,
          2.6628e-02,  4.2247e-02,  3.4853e-02,  3.0301e-02,  1.9138e-02,
          1.4484e-02,  7.6181e-03,  0.0000e+00,  0.0000e+00,  0.0000e+00,
          0.0000e+00,  0.0000e+00,  0.0000e+00,  7.0798e-03,  9.1039e-03,
          1.4809e-02, -1.0541e-02, -2.6925e-03,  2.3623e-03,  1.3299e-02,
          2.6085e-02,  1.8009e-02,  3.7394e-02,  7.3303e-02,  8.1312e-02,
          9.0080e-02,  9.3893e-02,  1.1311e-01,  1.5334e-01,  1.7453e-01,
          1.6474e-01,  1.3106e-01,  1.0472e-01,  7.2744e-02,  4.3228e-02,
          1.0684e-02, -6.7540e-03,  0.0000e+00,  0.0000e+00,  0.0000e+00,
          0.0000e+00,  6.8909e-03,  1.5299e-02,  2.0962e-02, -1.8980e-02,
         -1.7490e-02, -1.8059e-03,  5.6557e-05, -1.3505e-02, -9.9633e-05,
         -5.9978e-04,  8.2630e-03,  1.9833e-02,  3.7204e-02,  7.5863e-02,
          8.3152e-02,  7.8479e-02,  7.7083e-02,  9.2762e-02,  7.0226e-02,
          5.5478e-02,  4.3764e-02,  1.2476e-02,  9.7481e-03,  1.8405e-02,
          1.1279e-02,  0.0000e+00,  0.0000e+00,  7.0599e-03,  5.1431e-03,
          8.8644e-03,  1.0194e-02, -2.2610e-02,  2.0774e-02,  2.7864e-02,
          4.8443e-03,  1.1682e-02,  8.1017e-03,  2.4716e-02,  1.3420e-02,
          1.6263e-02,  3.8515e-02,  5.0547e-02,  3.8588e-02,  5.2318e-02,
          5.5193e-02,  4.2677e-02,  3.8504e-02,  3.7674e-02,  2.0260e-02,
          3.8759e-02,  3.1007e-02,  3.1810e-02, -1.5862e-02,  1.0018e-02,
          0.0000e+00, -1.5078e-03,  2.0602e-02,  2.3522e-02,  1.8749e-02,
          1.1491e-02,  4.2161e-02,  5.7936e-02,  3.9567e-02,  2.7938e-02,
          4.1391e-02,  4.7418e-02,  4.3190e-02,  1.5712e-02, -4.1472e-03,
         -1.3549e-02, -3.6096e-03,  1.7846e-03,  8.0981e-03,  2.8391e-02,
          3.2443e-02,  1.8903e-02,  2.3815e-02,  1.6638e-02,  2.6960e-02,
          3.8024e-02,  3.9003e-02,  1.4268e-02,  0.0000e+00,  9.3914e-03,
         -2.5842e-02, -1.1779e-03, -5.4769e-03, -1.5800e-02, -3.7098e-03,
          1.1036e-02, -1.8157e-02, -4.3845e-02, -4.4816e-02, -2.1160e-02,
         -3.0897e-02, -6.6856e-02, -6.0396e-02, -8.0341e-03,  1.9928e-03,
          1.2795e-02, -6.1469e-03, -1.0304e-03, -9.0065e-03, -4.7049e-02,
         -4.3931e-02, -1.9166e-02,  5.5102e-02,  1.0511e-01,  9.0365e-02,
          2.4990e-02,  7.0693e-03,  2.4488e-02, -6.4968e-04,  9.2169e-03,
         -1.4381e-02, -1.8961e-02, -2.3884e-02, -2.1539e-02, -3.0077e-02,
         -3.6397e-02, -2.5995e-02, -1.5293e-02, -1.4142e-02,  2.7259e-03,
          3.6786e-02,  8.7321e-02,  6.6067e-02,  2.1643e-02,  1.9733e-02,
          9.7632e-03,  2.7422e-03, -1.5331e-02, -3.1974e-02,  1.1156e-03,
          1.1386e-01,  1.5808e-01,  1.0501e-01,  2.0860e-02,  8.7395e-03,
          3.3514e-02,  5.7069e-02,  2.9992e-02, -9.8378e-03,  5.8966e-03,
         -1.6336e-02, -1.9711e-03,  1.7428e-02,  3.2869e-02,  3.6315e-02,
          6.2160e-02,  6.2654e-02,  6.2587e-02,  8.0056e-02,  7.8117e-02,
          4.7699e-02,  3.3745e-02,  3.1133e-02,  1.1624e-02, -1.7600e-02,
         -9.0191e-03, -1.5213e-02,  2.4777e-02,  1.1584e-01,  1.9084e-01,
          1.0498e-01,  2.6091e-02,  1.2999e-02,  4.2274e-02,  8.5705e-02,
          4.9075e-02,  1.4672e-02,  3.0964e-02,  2.6007e-02,  3.5940e-02,
          6.3320e-02,  9.4909e-02,  9.5069e-02,  1.1568e-01,  9.7342e-02,
          6.8285e-02,  3.2947e-02,  6.2913e-03, -2.9554e-03, -5.9749e-03,
         -1.3836e-02, -3.9334e-02, -3.2113e-02, -1.4235e-02,  1.4213e-02,
          3.6440e-02,  8.3900e-02,  1.7057e-01,  9.0387e-02,  2.8010e-02,
          1.3238e-02,  4.3029e-02,  7.7456e-02,  5.8114e-02,  3.2113e-02,
          5.6133e-02,  7.1661e-02,  7.8387e-02,  7.8240e-02,  9.5017e-02,
          9.1715e-02,  9.6148e-02,  6.2397e-02,  1.5276e-03, -4.4920e-02,
         -4.9559e-02, -5.9189e-02, -6.5809e-02, -6.8363e-02, -6.6078e-02,
         -4.0024e-02,  5.3075e-04,  1.1333e-02,  2.9103e-03,  1.3985e-02,
          9.5091e-02,  7.0939e-02,  2.4700e-02,  1.3355e-02,  3.8463e-02,
          7.5735e-02,  7.9480e-02,  4.6505e-02,  4.6488e-02,  6.5322e-02,
          9.3575e-02,  8.5363e-02,  7.8441e-02,  6.0726e-02,  8.4210e-02,
          6.7518e-02, -7.4890e-03, -8.2392e-02, -9.5844e-02, -8.7258e-02,
         -7.1476e-02, -5.6835e-02, -3.8857e-02, -5.0965e-03,  2.7431e-02,
          3.1940e-03, -2.0706e-02, -4.5778e-02,  1.6531e-02,  5.4233e-02,
          1.8006e-02,  9.2228e-03,  2.7784e-02,  6.4178e-02,  5.8072e-02,
          3.2063e-02, -5.1469e-04,  2.9489e-02,  5.1085e-02,  4.4763e-02,
          2.1841e-02,  1.7047e-02,  7.6481e-02,  1.0287e-01,  4.9515e-04,
         -7.3696e-02, -5.7033e-02, -2.5985e-02,  7.3992e-05,  9.8374e-03,
          3.1943e-02,  2.4107e-02,  3.3072e-02,  6.0162e-03, -3.7497e-02,
         -4.9823e-02, -2.4150e-02,  3.9854e-02,  1.1549e-02,  7.0508e-03,
          7.5726e-03,  4.5347e-02,  6.1167e-02,  1.9283e-03, -1.8201e-02,
         -2.3522e-02, -1.2343e-02, -2.0467e-02, -3.7958e-02, -2.5429e-02,
          4.9390e-02,  6.8963e-02,  4.7235e-03, -3.0112e-02,  1.7227e-02,
          4.5815e-02,  4.8875e-02,  4.5202e-02,  3.3449e-02,  1.0623e-02,
          2.2186e-02, -7.8780e-03, -3.3245e-02, -1.4945e-02, -3.9156e-03,
          1.8259e-02, -2.3602e-02,  7.0925e-03, -2.8531e-03,  3.0145e-02,
          4.4632e-02, -3.1348e-02, -5.9041e-02, -6.8942e-02, -7.1020e-02,
         -6.5353e-02, -7.3578e-02, -5.4233e-02, -5.6220e-03,  1.9709e-02,
         -1.5062e-02, -1.3728e-03,  3.4985e-02,  5.1665e-02,  4.0690e-02,
          2.2661e-02, -1.4469e-02, -1.8237e-02, -1.6342e-02, -1.9435e-02,
         -2.4494e-02,  7.2956e-03,  8.1905e-03, -1.3448e-02,  9.5254e-03,
          8.2488e-03,  4.6260e-03, -4.6020e-02,  6.3493e-04, -5.4892e-02,
         -5.8563e-02, -7.8508e-02, -8.2577e-02, -8.1305e-02, -9.4731e-02,
         -8.3304e-02, -3.7815e-02, -2.5162e-02, -3.1372e-02, -2.7068e-02,
          9.5603e-03,  3.3735e-02,  1.8720e-02, -1.0995e-02, -3.6781e-02,
         -2.2105e-02, -1.9838e-03, -3.8207e-03,  2.8946e-02,  2.8937e-02,
          2.1555e-02,  1.0945e-02, -2.2762e-03,  7.0624e-03, -2.9781e-02,
         -2.7828e-02,  4.0933e-03, -1.3152e-02, -3.5555e-02, -5.9343e-02,
         -7.4321e-02, -5.6378e-02, -4.6693e-02, -1.9097e-02,  8.0786e-03,
          3.3949e-03, -2.6476e-02, -3.5149e-02, -1.7372e-02, -4.7261e-03,
         -2.5164e-02, -5.1334e-02, -5.5944e-02, -2.9759e-02,  1.3742e-03,
          2.4199e-02,  2.8034e-02,  1.5129e-02, -1.8035e-02,  1.1286e-02,
         -1.3304e-02,  0.0000e+00,  8.5135e-03,  5.1609e-03,  1.2474e-02,
          2.1056e-02, -1.0031e-02, -2.0247e-02, -3.8578e-02, -2.6885e-02,
          1.9196e-04,  5.5527e-02,  6.9463e-02,  2.8684e-02, -3.5936e-02,
         -5.2392e-02, -4.1546e-02, -2.4614e-02, -2.7166e-02, -3.8854e-02,
         -1.4451e-02, -1.4172e-02, -7.5591e-03,  3.8305e-03, -1.9179e-02,
         -2.1075e-02, -3.4687e-02, -6.0349e-03,  1.5765e-02,  1.0250e-02,
         -1.9012e-02, -9.4570e-03,  2.9400e-02,  3.3590e-02, -9.4592e-03,
         -1.6449e-02, -4.0414e-02, -2.3599e-02,  3.4163e-02,  8.2600e-02,
          6.3775e-02,  1.7222e-02, -4.7479e-02, -5.4225e-02, -1.0669e-02,
         -1.2016e-02, -1.7886e-02,  6.0720e-03, -2.1272e-03, -3.3792e-02,
         -2.8807e-02, -1.8719e-02, -3.0381e-02, -4.6395e-02, -1.1885e-02,
         -3.3757e-02, -2.9812e-02,  6.9859e-03, -2.3562e-02, -7.1821e-03,
          4.0253e-03,  7.0733e-03, -1.1761e-02, -2.1439e-02, -3.0187e-02,
         -2.0788e-03,  2.7721e-02,  5.9475e-02,  3.5249e-02,  1.3409e-02,
         -3.9454e-02, -1.4054e-02,  8.8706e-03, -5.6312e-03, -3.6699e-02,
         -8.2033e-03, -1.0462e-02, -3.1899e-02, -5.4715e-02, -3.9661e-02,
         -1.2102e-02, -3.2651e-02,  4.5232e-03, -1.8173e-02, -1.1148e-02,
          0.0000e+00,  1.2140e-02, -8.8685e-03,  5.5678e-04, -2.6991e-02,
         -4.4035e-02, -4.5437e-02, -3.5546e-02, -9.0411e-03,  8.4132e-03,
          1.4462e-02,  1.2623e-02,  1.8085e-02,  1.1888e-02,  1.9502e-02,
          2.1299e-02, -3.3078e-02, -4.2101e-02, -1.8231e-03,  2.8560e-03,
         -3.1795e-02, -4.8742e-02, -2.0697e-02,  7.4179e-03,  5.2203e-04,
         -6.5843e-03,  3.5295e-03,  7.9044e-03,  7.0508e-03,  1.1558e-02,
          5.0621e-03, -1.0931e-02, -1.8052e-02, -3.6808e-02, -7.0515e-02,
         -4.7779e-02, -1.8711e-02, -3.2652e-02, -4.2900e-02, -2.3131e-02,
          1.9072e-02,  2.1764e-02,  2.1144e-02,  2.5917e-03, -4.0059e-02,
         -3.5896e-02,  6.2263e-03, -4.4088e-03, -2.9359e-02, -8.1565e-03,
          1.1672e-02,  5.9886e-03,  7.2259e-03, -1.4642e-02, -3.7076e-02,
          7.0612e-03,  7.0489e-03,  1.0248e-02,  1.6101e-02, -2.4776e-02,
         -3.7424e-02, -1.0672e-02, -3.1338e-02, -1.5075e-02, -2.0814e-03,
         -2.4813e-02, -4.3353e-02, -3.9260e-02, -2.0726e-02, -1.9098e-02,
         -2.2858e-02, -2.8418e-02, -3.5636e-02, -7.7627e-03, -5.8972e-03,
         -1.2154e-02, -1.7038e-02, -1.1605e-02, -5.5122e-03,  8.5145e-03,
          2.2321e-02,  1.0813e-02,  7.3937e-03,  7.0831e-03,  0.0000e+00,
         -1.5078e-03,  2.8469e-02, -6.3685e-03, -3.4257e-02, -2.1293e-02,
         -5.8039e-03, -2.1053e-03,  1.6301e-02,  2.4167e-03,  1.9126e-02,
          1.7022e-02,  1.4834e-02,  1.0895e-03, -2.0094e-02,  5.2431e-03,
         -4.8449e-03, -1.0632e-04, -1.3429e-02, -2.9726e-03,  9.8412e-03,
         -6.8683e-03, -3.6619e-03, -8.1237e-03,  1.2116e-02,  9.7297e-03,
         -1.9265e-02,  0.0000e+00,  0.0000e+00,  0.0000e+00,  1.7277e-02,
         -3.7729e-03,  3.2365e-03, -1.3696e-02,  1.8422e-02,  2.6344e-02,
          2.3272e-02,  3.4899e-02,  4.3636e-02,  6.3875e-02,  6.1987e-02,
          3.9345e-02,  2.8182e-02,  1.2689e-02, -4.2621e-03, -4.3546e-03,
         -2.4964e-03,  1.4892e-02,  1.5311e-02,  1.3720e-02,  2.6688e-02,
          2.7908e-02,  2.4686e-02,  1.9864e-02,  8.2545e-03,  0.0000e+00,
          0.0000e+00,  0.0000e+00,  1.1552e-02,  1.7942e-02,  4.8094e-02,
          6.2704e-02,  7.1731e-02,  1.3094e-01,  1.7776e-01,  1.8829e-01,
          2.1820e-01,  2.5988e-01,  2.5749e-01,  1.9693e-01,  1.4773e-01,
          1.2772e-01,  1.3226e-01,  1.1443e-01,  1.1862e-01,  9.0502e-02,
          6.5455e-02,  5.0043e-02,  4.9164e-02,  4.1979e-02,  2.5789e-02,
          1.1894e-02,  7.0911e-03,  0.0000e+00,  0.0000e+00,  0.0000e+00,
          0.0000e+00,  7.0599e-03,  2.6835e-02,  5.8232e-02,  9.9553e-02,
          1.4769e-01,  2.0170e-01,  2.4849e-01,  2.8226e-01,  3.1724e-01,
          3.3363e-01,  3.3177e-01,  3.0752e-01,  2.5942e-01,  2.2871e-01,
          1.9886e-01,  1.6593e-01,  1.3401e-01,  9.8218e-02,  6.7882e-02,
          4.1575e-02,  2.4090e-02,  1.1344e-02,  7.0774e-03,  0.0000e+00,
          0.0000e+00,  0.0000e+00,  0.0000e+00,  0.0000e+00,  0.0000e+00,
          1.0058e-02,  1.5756e-02,  2.8096e-02,  4.0148e-02,  4.8959e-02,
          5.8607e-02,  7.8796e-02,  8.5771e-02,  9.7051e-02,  1.0450e-01,
          1.1205e-01,  1.0556e-01,  9.5422e-02,  7.9221e-02,  6.1978e-02,
          4.3983e-02,  3.1496e-02,  1.9996e-02,  1.5675e-02,  1.0017e-02,
          0.0000e+00,  0.0000e+00,  0.0000e+00,  0.0000e+00],
        [ 0.0000e+00,  0.0000e+00,  0.0000e+00,  0.0000e+00,  0.0000e+00,
          0.0000e+00,  0.0000e+00,  0.0000e+00,  0.0000e+00,  0.0000e+00,
          0.0000e+00,  0.0000e+00,  7.7611e-03,  1.0122e-02,  7.1755e-03,
          6.9792e-03,  0.0000e+00,  0.0000e+00,  0.0000e+00,  0.0000e+00,
          0.0000e+00,  0.0000e+00,  0.0000e+00,  0.0000e+00,  0.0000e+00,
          0.0000e+00,  0.0000e+00,  0.0000e+00,  0.0000e+00,  0.0000e+00,
          0.0000e+00,  0.0000e+00,  7.0713e-03,  1.0918e-02,  1.6276e-02,
          2.1610e-02,  2.7852e-02,  3.6505e-02,  4.6523e-02,  5.7367e-02,
          6.0783e-02,  6.1304e-02,  6.2843e-02,  4.2668e-02, -1.9602e-02,
          1.2839e-02,  4.1949e-02,  3.5241e-02,  3.0638e-02,  1.9351e-02,
          1.4645e-02,  7.7030e-03,  0.0000e+00,  0.0000e+00,  0.0000e+00,
          0.0000e+00,  0.0000e+00,  0.0000e+00,  7.1587e-03, -5.9596e-02,
          1.1173e-02,  1.3016e-02,  1.1612e-02,  1.4990e-02,  1.6701e-02,
          2.3344e-02,  1.1731e-02,  1.9814e-02,  5.6188e-02,  8.3580e-02,
          1.0478e-01,  1.0578e-01,  1.1894e-01,  1.5742e-01,  1.8226e-01,
          1.6643e-01,  1.3299e-01,  1.0590e-01,  7.3554e-02,  4.4092e-02,
          1.6912e-02,  2.1283e-03,  0.0000e+00,  0.0000e+00,  0.0000e+00,
          0.0000e+00,  6.4396e-03, -2.3999e-02,  1.2474e-02,  7.1545e-03,
         -4.3550e-03,  6.2437e-03, -6.4364e-03, -1.9512e-02, -2.7732e-03,
         -4.2352e-03,  7.1095e-03,  2.2271e-02,  4.1652e-02,  7.6514e-02,
          8.3801e-02,  8.1764e-02,  9.1767e-02,  1.0145e-01,  6.7333e-02,
          4.1012e-02,  3.6189e-02,  1.1589e-02,  1.3274e-02,  2.3236e-02,
          1.1404e-02,  0.0000e+00,  0.0000e+00,  7.1386e-03,  3.3928e-03,
         -9.1669e-03, -2.2740e-02, -1.1586e-02,  1.5079e-02,  3.4044e-03,
         -2.0313e-02, -1.2937e-05,  9.8001e-03,  3.3555e-02,  3.7853e-02,
          3.8163e-02,  4.9207e-02,  5.4910e-02,  4.5631e-02,  5.8221e-02,
          6.2942e-02,  5.7138e-02,  5.4731e-02,  4.3788e-02,  1.8577e-02,
          3.9077e-02,  3.5235e-02,  3.0823e-02, -1.8958e-02,  1.0129e-02,
          0.0000e+00, -9.1448e-03,  2.0361e-02,  6.0004e-03, -1.0943e-02,
          1.1688e-02,  2.6714e-02,  2.4869e-02,  1.8652e-02,  2.8713e-02,
          4.4062e-02,  5.3622e-02,  5.6034e-02,  3.5352e-02,  9.6603e-03,
         -1.3768e-02, -2.4437e-03,  6.0932e-03,  2.5056e-02,  4.3483e-02,
          5.5878e-02,  3.9918e-02,  1.7234e-02,  1.0991e-02,  2.8247e-02,
          4.3668e-02,  3.7937e-02,  1.4427e-02,  0.0000e+00,  9.4960e-03,
         -3.7847e-02, -1.2062e-02, -1.4931e-02, -1.8440e-02, -2.0031e-02,
         -1.2260e-02, -3.0462e-02, -3.9045e-02, -4.1596e-02, -2.8369e-02,
         -3.7523e-02, -5.9997e-02, -6.1186e-02, -2.3564e-02, -9.8632e-03,
          3.3364e-03, -4.6277e-03, -1.8979e-03,  3.7120e-03, -2.2930e-02,
         -2.6985e-02, -2.4740e-02,  5.0847e-02,  1.0985e-01,  9.1024e-02,
          1.7918e-02,  7.1480e-03,  2.4760e-02, -1.1438e-02,  1.3239e-02,
         -1.6132e-02, -2.7149e-02, -2.6960e-02, -2.3160e-02, -2.3747e-02,
         -2.4324e-02, -2.5263e-02, -2.8172e-02, -2.4596e-02, -3.0013e-03,
          2.2882e-02,  6.9922e-02,  4.9932e-02,  1.0526e-02,  1.5051e-02,
          2.7131e-03,  4.3147e-03, -2.5923e-03, -1.5565e-02, -5.4317e-03,
          1.0887e-01,  1.6191e-01,  1.0547e-01,  5.6065e-03,  8.8369e-03,
          3.3887e-02,  5.8731e-02,  3.6649e-02, -1.0199e-02,  8.2563e-03,
         -6.4483e-03,  1.0111e-03,  3.0630e-02,  4.4365e-02,  3.7212e-02,
          5.5257e-02,  5.6565e-02,  6.0086e-02,  7.9546e-02,  8.2569e-02,
          4.3752e-02,  4.0715e-02,  3.7380e-02,  1.4530e-03, -2.6387e-02,
         -7.6803e-03, -1.3499e-02,  9.7940e-03,  1.1958e-01,  1.9595e-01,
          1.0609e-01,  2.6382e-02,  1.3144e-02,  4.2744e-02,  8.5966e-02,
          5.1506e-02,  6.9053e-03,  3.6257e-02,  3.0897e-02,  3.2405e-02,
          6.7456e-02,  1.0016e-01,  9.7512e-02,  1.2426e-01,  1.0372e-01,
          7.3590e-02,  4.0084e-02,  2.3175e-02,  3.5370e-03,  1.3316e-02,
          3.1825e-03, -3.8366e-02, -3.6323e-02, -2.1112e-02,  2.0735e-03,
          2.0021e-02,  9.6165e-02,  1.7353e-01,  9.1273e-02,  2.8322e-02,
          1.3385e-02,  4.3508e-02,  7.8429e-02,  5.0057e-02,  1.9714e-02,
          6.6110e-02,  7.3703e-02,  7.0390e-02,  7.2076e-02,  9.7278e-02,
          1.0234e-01,  1.0408e-01,  5.6307e-02, -4.8783e-03, -3.8480e-02,
         -4.2581e-02, -5.8037e-02, -4.2212e-02, -4.8128e-02, -6.3921e-02,
         -3.7486e-02, -4.3805e-03, -5.3988e-03, -9.4813e-03,  2.2205e-02,
          9.1964e-02,  7.1609e-02,  2.4975e-02,  1.3503e-02,  3.8181e-02,
          7.4316e-02,  7.0162e-02,  3.0621e-02,  5.3547e-02,  7.3410e-02,
          9.0843e-02,  8.3410e-02,  8.3124e-02,  6.6170e-02,  7.6727e-02,
          5.0462e-02, -1.0980e-02, -8.1608e-02, -9.7288e-02, -7.6328e-02,
         -5.0054e-02, -4.8915e-02, -3.9585e-02,  5.2338e-03,  2.4791e-02,
         -1.1536e-02, -1.9984e-02, -4.1726e-02,  9.6407e-04,  5.4836e-02,
          1.8206e-02,  9.3255e-03,  1.8746e-02,  5.7680e-02,  5.3239e-02,
          1.5845e-02,  1.0885e-02,  3.5632e-02,  5.2054e-02,  4.3586e-02,
          2.0139e-02,  7.0011e-03,  5.8610e-02,  8.5339e-02,  1.6314e-04,
         -6.7614e-02, -4.7903e-02, -5.3386e-03,  1.4664e-02,  7.6689e-03,
          3.6752e-02,  3.7238e-02,  2.8511e-02,  1.8931e-03, -3.0126e-02,
         -4.0246e-02, -3.8669e-02,  4.0298e-02,  1.3404e-02,  7.1293e-03,
         -2.3045e-02,  3.5304e-02,  5.8322e-02, -1.0302e-02,  5.1895e-04,
         -2.3715e-02, -8.6062e-03, -2.0345e-02, -4.7053e-02, -4.4328e-02,
          2.9794e-02,  6.2982e-02,  1.9128e-02, -1.3252e-02,  3.4718e-02,
          5.8765e-02,  5.7434e-02,  4.3879e-02,  4.0476e-02,  1.3324e-02,
          2.0805e-02,  4.2175e-03, -2.7323e-02, -1.1711e-02, -6.7208e-03,
          2.7126e-02, -1.2838e-02,  7.1714e-03, -1.5971e-02,  1.5881e-02,
          3.3703e-02, -2.7903e-02, -4.0716e-02, -7.1168e-02, -6.4136e-02,
         -6.6797e-02, -8.2737e-02, -7.8051e-02, -2.3787e-02,  1.5038e-02,
         -8.8615e-03,  5.8570e-03,  4.7502e-02,  5.2475e-02,  3.2663e-02,
          1.6516e-02, -1.8505e-02, -2.5403e-02, -1.1720e-02, -2.4639e-03,
         -2.2325e-02,  9.4187e-03, -4.0471e-03,  1.9288e-02,  1.0364e-02,
          8.3407e-03,  5.8676e-03,  3.0568e-04, -3.6039e-03, -3.3323e-02,
         -4.6464e-02, -7.9536e-02, -7.4736e-02, -8.3007e-02, -1.0363e-01,
         -9.7496e-02, -4.7452e-02, -3.3922e-02, -4.0945e-02, -3.0074e-02,
          1.7649e-02,  3.0876e-02,  4.1518e-03, -1.5653e-02, -3.8641e-02,
         -2.7465e-02, -1.6558e-03, -1.4899e-03,  1.7315e-02,  2.5800e-02,
         -1.1491e-02,  9.3635e-03,  1.4530e-03,  7.1410e-03, -3.0091e-02,
          2.1388e-02,  4.9242e-03,  7.7477e-03, -2.3904e-02, -4.7126e-02,
         -6.4177e-02, -6.0465e-02, -4.6904e-02, -1.2563e-02,  2.1233e-02,
          6.6353e-03, -2.9775e-02, -3.3914e-02, -6.0857e-03, -4.4340e-03,
         -2.9855e-02, -4.4767e-02, -4.4003e-02, -2.9812e-02, -3.0003e-03,
          1.2760e-02,  2.1236e-02,  1.0032e-02, -4.9597e-02, -4.1849e-03,
         -7.3214e-03,  0.0000e+00,  1.1513e-02,  2.2936e-02,  8.7048e-03,
          2.3547e-02,  1.6575e-03, -1.6360e-03, -2.9011e-02, -2.4972e-02,
          4.7199e-03,  5.9990e-02,  7.1769e-02,  2.2145e-02, -4.5718e-02,
         -4.7716e-02, -3.8213e-02, -2.4724e-02, -1.6264e-02, -7.1668e-03,
          1.3714e-02, -3.2379e-03, -1.1150e-02, -9.5140e-03, -2.2444e-02,
         -3.4995e-02, -5.8970e-02,  1.8237e-02,  1.7071e-02,  1.0364e-02,
          5.3872e-03, -1.2509e-02,  1.9250e-02,  2.3833e-02,  8.7892e-04,
         -3.1261e-03, -2.6352e-02, -7.0388e-03,  3.9912e-02,  6.9888e-02,
          4.1885e-02, -1.1932e-02, -6.7337e-02, -6.3002e-02, -2.0936e-02,
         -1.3618e-02,  1.0333e-03,  4.3816e-02,  2.2611e-02, -2.1700e-02,
         -2.6864e-02, -1.8189e-02, -3.0461e-02, -4.3498e-02, -2.4785e-02,
          2.9747e-03, -2.0008e-02,  7.0637e-03,  2.7366e-03, -1.5374e-02,
          5.1416e-03, -3.9081e-03, -5.0347e-03, -5.7864e-03, -5.1707e-03,
          1.9424e-02,  2.6727e-02,  3.6443e-02,  7.0013e-03, -1.4436e-02,
         -5.0695e-02, -2.4778e-02, -3.7891e-03, -5.4567e-03, -1.5360e-02,
          2.1917e-02,  6.2433e-03, -2.9832e-02, -5.2444e-02, -3.4206e-02,
         -1.4417e-02, -2.2663e-02, -1.5907e-02,  7.8460e-03, -9.6698e-03,
          0.0000e+00, -5.4257e-05, -2.1250e-02,  1.9258e-02, -3.6519e-02,
         -3.6242e-02, -1.9036e-02, -1.0274e-02,  2.8571e-03, -1.4768e-03,
         -8.0341e-03, -4.8284e-03,  1.0324e-02,  1.4412e-02,  1.4957e-02,
          1.1550e-02, -2.4901e-02, -2.8895e-02,  1.7743e-03, -8.1483e-03,
         -4.1773e-02, -5.0004e-02, -1.6049e-02,  6.4003e-03,  3.8319e-03,
         -2.4895e-02,  1.0463e-02, -3.2382e-02,  7.1293e-03, -2.3463e-03,
         -1.2376e-02,  1.7217e-02, -1.2330e-02, -3.4348e-02, -4.9479e-02,
         -2.9586e-02, -1.5733e-02, -3.6785e-02, -5.0370e-02, -2.0784e-02,
          3.7004e-02,  4.1396e-02,  2.2644e-02,  4.8647e-03, -3.1508e-02,
         -3.5087e-02, -1.6198e-02, -3.2745e-02, -3.7632e-02, -6.0432e-03,
          2.6333e-02,  2.7981e-02,  1.5208e-02, -2.8336e-02, -2.9208e-02,
          7.1398e-03,  7.1275e-03, -1.6167e-02, -1.4622e-02, -1.0401e-02,
         -1.6341e-02, -7.2958e-03, -2.7080e-02, -5.8220e-03, -6.3190e-03,
         -3.1176e-02, -4.2349e-02, -2.2167e-02,  9.4508e-04, -1.2600e-03,
         -2.3983e-02, -3.1060e-02, -3.7356e-02, -1.4802e-02, -2.7134e-02,
         -3.5517e-02, -2.2567e-02, -1.1423e-02,  1.2387e-02,  2.4047e-02,
          1.5006e-02, -1.0554e-02,  9.0157e-03,  7.1620e-03,  0.0000e+00,
         -9.1448e-03,  1.1190e-02,  6.3237e-03, -1.2985e-02, -1.4746e-02,
         -5.8333e-03,  7.2225e-03,  2.3114e-02,  2.3318e-03,  2.5153e-02,
          3.6925e-02,  4.1937e-02,  8.4152e-03, -3.6747e-02, -1.0251e-02,
         -6.0543e-03,  1.2202e-02, -1.3655e-02, -1.7731e-02,  6.9031e-03,
         -2.2845e-03, -4.3551e-03, -1.0994e-03, -3.6056e-03, -9.5281e-03,
         -1.1939e-02,  0.0000e+00,  0.0000e+00,  0.0000e+00,  1.7149e-02,
          1.2570e-02,  2.0571e-02, -1.0039e-02,  1.3440e-02,  3.1001e-02,
          3.1773e-02,  4.4234e-02,  5.0772e-02,  6.9931e-02,  6.8223e-02,
          3.5215e-02,  7.8788e-03, -1.0955e-03,  4.9422e-03,  2.4868e-02,
          1.6220e-02,  1.3897e-02,  2.0478e-02,  1.3063e-02,  9.0636e-03,
          2.4016e-02,  2.3191e-02,  1.3472e-02, -6.2728e-03,  0.0000e+00,
          0.0000e+00,  0.0000e+00,  1.1680e-02,  1.4833e-02,  4.2135e-02,
          4.3197e-02,  5.5282e-02,  1.2487e-01,  1.7442e-01,  1.8612e-01,
          2.1575e-01,  2.6030e-01,  2.5829e-01,  1.9403e-01,  1.4502e-01,
          1.2955e-01,  1.3547e-01,  1.2733e-01,  1.3279e-01,  1.0003e-01,
          7.6044e-02,  5.6301e-02,  4.2849e-02,  3.9115e-02,  2.6644e-02,
          4.3340e-03, -7.6954e-03,  0.0000e+00,  0.0000e+00,  0.0000e+00,
          0.0000e+00,  7.1385e-03,  2.7134e-02,  5.8880e-02,  1.0066e-01,
          1.4933e-01,  2.0394e-01,  2.5120e-01,  2.8480e-01,  3.2038e-01,
          3.3769e-01,  3.3631e-01,  3.1288e-01,  2.6414e-01,  2.3235e-01,
          1.9927e-01,  1.6502e-01,  1.3461e-01,  9.9054e-02,  6.8242e-02,
          4.1907e-02,  2.4358e-02,  1.1470e-02,  7.1561e-03,  0.0000e+00,
          0.0000e+00,  0.0000e+00,  0.0000e+00,  0.0000e+00,  0.0000e+00,
          1.0170e-02,  1.5932e-02,  2.8409e-02,  4.0595e-02,  4.9504e-02,
          5.9260e-02,  7.9673e-02,  8.6726e-02,  9.8132e-02,  1.0567e-01,
          1.1330e-01,  1.0673e-01,  9.6485e-02,  8.0103e-02,  6.2668e-02,
          4.4472e-02,  3.1847e-02,  2.0219e-02,  1.5849e-02,  1.0129e-02,
          0.0000e+00,  0.0000e+00,  0.0000e+00,  0.0000e+00]])"
linear.bias,,"tensor([-0.8546, -1.1979, -0.9264, -0.8346, -0.4677, -1.8813, -1.8975, -1.9031,
        -1.8809, -1.9018])"
