tensor([ 0.0000e+00,  0.0000e+00,  0.0000e+00,  0.0000e+00,  0.0000e+00,
         0.0000e+00,  0.0000e+00,  0.0000e+00,  0.0000e+00,  0.0000e+00,
         0.0000e+00,  0.0000e+00,  9.7193e-06,  1.2679e-05,  8.9910e-06,
         8.7447e-06,  0.0000e+00,  0.0000e+00,  0.0000e+00,  0.0000e+00,
         0.0000e+00,  0.0000e+00,  0.0000e+00,  0.0000e+00,  0.0000e+00,
         0.0000e+00,  0.0000e+00,  0.0000e+00,  0.0000e+00,  0.0000e+00,
         0.0000e+00,  0.0000e+00,  8.8550e-06,  1.3638e-05,  2.0266e-05,
         2.6967e-05,  2.3646e-05, -6.3535e-06, -8.3204e-05, -1.1783e-04,
        -1.1334e-04, -8.3491e-05, -6.2062e-05, -1.2729e-05, -5.9195e-06,
        -3.2149e-05, -1.8315e-05, -3.9045e-05, -3.4064e-05,  2.3363e-05,
         1.8340e-05,  9.6448e-06,  0.0000e+00,  0.0000e+00,  0.0000e+00,
         0.0000e+00,  0.0000e+00,  0.0000e+00,  8.9649e-06,  1.1798e-05,
         1.8766e-05,  2.5505e-05,  1.9912e-05,  4.0885e-06, -4.3716e-05,
        -7.4988e-05, -1.1691e-04, -1.6087e-04, -2.3393e-04, -1.8996e-04,
        -1.7480e-04, -2.2642e-04, -3.0931e-04, -3.0855e-04, -2.7928e-04,
        -2.0024e-04, -9.6721e-05,  1.2429e-05,  3.5001e-05,  2.4738e-05,
         2.8808e-05,  1.7248e-05,  0.0000e+00,  0.0000e+00,  0.0000e+00,
         0.0000e+00,  1.1816e-05,  1.9528e-05, -6.4303e-05,  1.7771e-05,
         5.9932e-05,  6.6293e-05,  4.4195e-05,  4.0696e-05,  1.2517e-05,
        -1.6969e-06, -1.1364e-05,  6.2645e-06, -5.2553e-05, -1.2361e-04,
        -1.8356e-04, -2.0032e-04, -1.9188e-04, -1.2984e-04, -9.5423e-05,
        -2.9189e-05,  2.3132e-05,  3.3490e-05,  2.6729e-06,  1.2380e-05,
         1.4281e-05,  0.0000e+00,  0.0000e+00,  8.9407e-06,  1.7090e-05,
         3.4103e-05,  2.1475e-05,  8.7446e-05,  1.4570e-04,  1.8971e-04,
         2.4005e-04,  2.5563e-04,  3.0055e-04,  3.4478e-04,  3.9405e-04,
         4.1499e-04,  3.8019e-04,  3.4907e-04,  3.0515e-04,  2.5509e-04,
         2.3143e-04,  2.0180e-04,  1.3028e-04,  3.4031e-05, -4.7423e-05,
        -9.7279e-05, -7.4400e-05, -4.2848e-05,  1.2025e-05,  1.2685e-05,
         0.0000e+00,  8.9034e-06,  2.1093e-05,  5.1584e-05,  1.0659e-04,
         1.8842e-04,  2.5753e-04,  3.2715e-04,  3.8320e-04,  4.2290e-04,
         4.6506e-04,  4.7694e-04,  4.8195e-04,  4.9517e-04,  4.9769e-04,
         5.0360e-04,  4.7708e-04,  4.2572e-04,  3.7793e-04,  3.0036e-04,
         1.6869e-04,  4.3995e-05, -5.8871e-05, -1.3313e-04, -1.3638e-04,
        -1.2105e-04, -7.9942e-05,  1.8066e-05,  0.0000e+00,  1.1892e-05,
         1.5732e-05,  6.3893e-05,  1.5194e-04,  2.0697e-04,  2.5518e-04,
         3.3416e-04,  3.7476e-04,  3.7528e-04,  3.4282e-04,  2.7015e-04,
         2.2594e-04,  1.9851e-04,  1.9365e-04,  2.3212e-04,  2.9821e-04,
         3.3511e-04,  3.3710e-04,  2.6450e-04,  1.6661e-04,  1.9159e-05,
        -1.1249e-04, -1.8778e-04, -2.0428e-04, -1.5514e-04, -7.9446e-05,
        -1.7844e-06,  8.9444e-06,  3.0866e-05,  1.8520e-05,  1.7456e-05,
         8.2711e-05,  1.0752e-04,  1.4468e-04,  1.5109e-04,  1.4191e-04,
         7.8889e-05, -4.0187e-05, -2.0635e-04, -3.3338e-04, -3.7963e-04,
        -3.0209e-04, -1.8996e-04, -2.3071e-05,  1.0680e-04,  1.6547e-04,
         1.4569e-04,  9.6865e-05,  2.9104e-05, -8.2079e-05, -2.0001e-04,
        -2.6009e-04, -2.0105e-04, -6.0912e-05, -1.2483e-05,  1.1059e-05,
         3.3289e-05,  2.5705e-06, -3.1528e-05, -4.6585e-06, -2.8391e-05,
        -2.9267e-05, -7.3582e-05, -1.4452e-04, -2.8020e-04, -4.7478e-04,
        -6.9415e-04, -7.7387e-04, -6.9088e-04, -4.6815e-04, -2.2556e-04,
        -5.7165e-06,  8.1319e-05,  1.0054e-04,  9.7442e-05,  9.0497e-05,
         4.7717e-05, -1.6125e-05, -1.4532e-04, -2.5030e-04, -1.8367e-04,
        -2.4153e-05, -6.8517e-06,  1.6458e-05,  3.6978e-05, -5.0496e-06,
        -7.5961e-05, -9.6526e-05, -1.3295e-04, -1.6248e-04, -2.4151e-04,
        -3.9669e-04, -5.4511e-04, -7.5704e-04, -8.8335e-04, -8.3421e-04,
        -5.6250e-04, -1.9217e-04,  1.1266e-04,  1.8582e-04,  1.4555e-04,
         7.4955e-05,  2.1819e-05,  3.4975e-05,  7.8701e-05,  7.6389e-05,
        -4.1034e-05, -1.9682e-04, -2.2220e-04, -3.7816e-05, -1.1037e-05,
         1.6762e-05,  3.2602e-05, -4.2086e-05, -1.1081e-04, -1.6829e-04,
        -1.7322e-04, -2.5425e-04, -3.5563e-04, -4.8573e-04, -6.3868e-04,
        -7.7435e-04, -8.0294e-04, -6.2855e-04, -2.4790e-04,  2.1944e-04,
         4.4775e-04,  3.3591e-04,  1.1265e-04, -5.9894e-05, -1.0179e-04,
        -2.8312e-06,  9.6615e-05,  1.4117e-04,  7.6131e-05, -8.9557e-05,
        -2.0025e-04, -6.1506e-05, -6.9207e-06,  1.6910e-05,  2.2626e-05,
        -5.3082e-05, -1.2729e-04, -1.6350e-04, -1.4557e-04, -2.2616e-04,
        -3.2151e-04, -4.5678e-04, -6.0683e-04, -7.0352e-04, -6.6663e-04,
        -4.3234e-04, -7.7104e-06,  4.3372e-04,  5.1054e-04,  2.3326e-04,
        -1.1040e-04, -2.9947e-04, -2.4719e-04, -6.8817e-05,  1.1057e-04,
         1.9791e-04,  1.8910e-04,  4.1224e-05, -1.1288e-04, -1.8179e-06,
         2.2800e-05,  1.1643e-05,  2.5488e-05, -3.1445e-05, -6.5817e-05,
        -1.0741e-04, -6.3763e-05, -1.0512e-04, -1.9440e-04, -3.2384e-04,
        -4.5168e-04, -5.4374e-04, -5.1390e-04, -3.3690e-04,  6.7995e-05,
         3.8266e-04,  3.0712e-04, -8.6530e-05, -4.1214e-04, -4.9984e-04,
        -3.5602e-04, -1.1271e-04,  1.3184e-04,  2.5986e-04,  2.5517e-04,
         1.3367e-04, -2.9013e-05,  3.3349e-05,  2.1854e-05,  8.9277e-06,
         4.4703e-06, -3.0175e-05, -2.5414e-05, -3.3977e-05,  7.2302e-05,
         5.6649e-05, -1.4015e-05, -1.3127e-04, -2.6474e-04, -3.7009e-04,
        -4.0123e-04, -3.1879e-04,  2.3527e-05,  1.8785e-04, -2.1650e-05,
        -4.1947e-04, -5.9816e-04, -5.0953e-04, -2.9340e-04, -4.8143e-05,
         1.4664e-04,  2.6341e-04,  2.5050e-04,  1.4899e-04,  1.5441e-06,
         4.0019e-05,  1.6314e-05,  8.9798e-06, -8.7023e-06, -3.1151e-05,
        -1.8097e-05,  4.9481e-05,  1.9465e-04,  2.4180e-04,  1.9541e-04,
         5.8800e-05, -9.0731e-05, -2.2693e-04, -3.0788e-04, -2.2757e-04,
         3.3025e-05,  6.5979e-05, -2.0910e-04, -5.7472e-04, -5.7672e-04,
        -3.6178e-04, -8.3400e-05,  7.8658e-05,  1.8219e-04,  2.3149e-04,
         2.0630e-04,  1.1336e-04, -2.9136e-06,  4.3397e-05,  1.5348e-05,
         1.0445e-05,  9.2275e-06,  2.1150e-05,  2.7530e-05,  1.5156e-04,
         3.3167e-04,  3.9204e-04,  3.6459e-04,  2.1634e-04,  1.3385e-05,
        -1.4973e-04, -2.0589e-04, -9.0748e-05,  1.1824e-04,  5.3404e-05,
        -2.8597e-04, -5.6872e-04, -4.3903e-04, -1.5374e-04,  1.0715e-04,
         2.1026e-04,  2.2930e-04,  2.0675e-04,  1.6226e-04,  1.0137e-04,
         1.8246e-05,  6.4779e-05,  2.1576e-05,  8.9426e-06,  1.6816e-05,
         4.4920e-05,  9.2547e-05,  2.6949e-04,  4.6669e-04,  5.1600e-04,
         4.7168e-04,  3.0497e-04,  6.3460e-05, -1.4642e-04, -1.6214e-04,
         1.7006e-05,  1.7624e-04,  5.2988e-05, -3.2241e-04, -5.2159e-04,
        -3.4114e-04, -8.4462e-06,  2.0960e-04,  2.8805e-04,  2.5801e-04,
         1.8455e-04,  1.4038e-04,  9.4784e-05,  4.3548e-05,  6.5528e-05,
         2.3536e-05,  0.0000e+00, -1.8939e-05,  5.3801e-05,  1.5127e-04,
         3.5201e-04,  5.3104e-04,  5.7592e-04,  5.2598e-04,  3.1443e-04,
         1.0969e-05, -1.7804e-04, -1.5159e-04,  4.0410e-05,  1.6942e-04,
         6.8722e-06, -3.1986e-04, -4.5525e-04, -2.4800e-04,  6.7944e-05,
         2.2255e-04,  2.7781e-04,  2.6010e-04,  1.9286e-04,  1.5910e-04,
         1.1984e-04,  9.6133e-05,  7.1680e-05,  2.6794e-05,  9.0171e-06,
        -4.4070e-06,  7.0926e-05,  1.9810e-04,  3.9437e-04,  5.2520e-04,
         5.7098e-04,  5.2217e-04,  2.9235e-04,  2.6617e-06, -1.7351e-04,
        -1.4078e-04,  3.7739e-05,  1.1241e-04, -5.4654e-05, -2.8706e-04,
        -3.5517e-04, -1.5936e-04,  1.0303e-04,  2.2272e-04,  2.6328e-04,
         2.7448e-04,  2.4088e-04,  2.0352e-04,  1.7952e-04,  1.4813e-04,
         6.1788e-05,  2.3242e-05,  8.8457e-06,  2.4140e-05,  9.2961e-05,
         2.3253e-04,  4.1086e-04,  5.1588e-04,  5.3193e-04,  4.8677e-04,
         3.2258e-04,  1.1415e-04, -6.1958e-05, -5.0660e-05,  3.7019e-05,
         3.2017e-05, -1.0531e-04, -2.4540e-04, -2.5310e-04, -5.7347e-05,
         1.1307e-04,  2.2057e-04,  2.5252e-04,  3.0213e-04,  2.9947e-04,
         2.5042e-04,  2.2444e-04,  1.6663e-04,  6.8991e-05,  1.8452e-05,
         0.0000e+00,  2.3566e-05,  9.9726e-05,  2.4443e-04,  4.0492e-04,
         5.0276e-04,  5.1405e-04,  4.8811e-04,  4.2319e-04,  2.8861e-04,
         1.4477e-04,  7.7989e-05,  5.6189e-05, -3.1950e-05, -1.2518e-04,
        -1.9787e-04, -1.2071e-04,  3.8859e-05,  1.4798e-04,  2.1546e-04,
         2.7698e-04,  3.2667e-04,  2.9812e-04,  2.7231e-04,  2.2520e-04,
         1.3935e-04,  6.2064e-05,  1.2683e-05,  8.9277e-06,  2.2052e-05,
         9.6499e-05,  2.2930e-04,  3.7605e-04,  4.5346e-04,  4.9404e-04,
         4.9520e-04,  4.8371e-04,  4.1637e-04,  3.2793e-04,  2.0469e-04,
         8.3083e-05, -1.3267e-05, -7.1721e-05, -9.9182e-05, -2.4986e-05,
         7.0864e-05,  1.3456e-04,  2.0191e-04,  2.3924e-04,  2.6465e-04,
         2.4502e-04,  2.3816e-04,  1.8695e-04,  1.0386e-04,  4.6917e-05,
         8.9407e-06,  8.9258e-06,  1.3154e-05,  7.8391e-05,  1.8391e-04,
         3.0182e-04,  3.7662e-04,  4.1900e-04,  4.5757e-04,  4.4950e-04,
         4.1174e-04,  3.2837e-04,  2.1620e-04,  1.0595e-04,  3.0058e-05,
        -1.4719e-05, -3.4632e-05,  6.7782e-06,  1.9309e-05,  6.7495e-05,
         1.0692e-04,  1.3058e-04,  1.6869e-04,  1.8252e-04,  1.7099e-04,
         1.3716e-04,  7.7534e-05,  2.8687e-05,  8.9689e-06,  0.0000e+00,
         8.9034e-06,  5.1923e-05,  1.1847e-04,  1.8340e-04,  2.3240e-04,
         2.3955e-04,  2.3315e-04,  2.0519e-04,  1.6212e-04,  7.2736e-05,
        -2.4535e-05, -1.1330e-04, -1.6620e-04, -1.8862e-04, -1.6303e-04,
        -1.4282e-04, -1.1893e-04, -7.8524e-05, -3.4185e-05,  6.1956e-06,
         3.3684e-05,  8.7751e-05,  1.1372e-04,  7.0477e-05,  4.8408e-05,
         2.2952e-05,  0.0000e+00,  0.0000e+00,  0.0000e+00,  2.2812e-05,
         6.6899e-05,  8.1605e-05,  4.9245e-05, -4.8541e-06, -1.1757e-04,
        -2.1691e-04, -2.8885e-04, -3.8209e-04, -4.4652e-04, -4.9004e-04,
        -5.0318e-04, -4.4746e-04, -3.8704e-04, -3.3849e-04, -2.6374e-04,
        -1.9215e-04, -1.3635e-04, -1.2182e-04, -8.0995e-05,  2.3944e-06,
         3.2563e-05,  3.0510e-05,  2.5153e-05,  1.0452e-05,  0.0000e+00,
         0.0000e+00,  0.0000e+00,  1.3368e-05,  1.7799e-05,  2.4909e-05,
        -7.1572e-05, -1.7210e-04, -2.8539e-04, -3.5910e-04, -4.6429e-04,
        -5.1648e-04, -5.6876e-04, -6.0780e-04, -6.1915e-04, -5.7211e-04,
        -4.9060e-04, -4.1758e-04, -3.3455e-04, -2.2854e-04, -1.6495e-04,
        -1.6375e-04, -1.6270e-04, -3.7310e-05,  7.7561e-06,  6.0704e-06,
         1.5060e-05,  8.9779e-06,  0.0000e+00,  0.0000e+00,  0.0000e+00,
         0.0000e+00,  8.9388e-06, -3.8271e-05, -4.5371e-05, -9.9920e-05,
        -1.9383e-04, -2.5898e-04, -2.9459e-04, -3.4350e-04, -4.0446e-04,
        -4.5577e-04, -4.7577e-04, -4.3539e-04, -3.4493e-04, -2.6401e-04,
        -1.7164e-04, -1.3809e-04, -9.9909e-05, -1.0535e-04, -6.9041e-05,
        -1.4553e-05, -1.5097e-05, -1.1921e-06,  8.9612e-06,  0.0000e+00,
         0.0000e+00,  0.0000e+00,  0.0000e+00,  0.0000e+00,  0.0000e+00,
         1.2735e-05,  1.9951e-05, -5.5484e-05, -7.1511e-05, -8.7555e-05,
        -6.6629e-05, -1.0386e-04, -6.4980e-05, -6.7566e-05, -1.0283e-04,
        -1.2354e-04, -1.2678e-04, -4.2945e-05,  2.2985e-06, -1.5590e-06,
        -6.3479e-06,  5.2378e-06,  1.7401e-05,  8.3074e-06,  1.2685e-05,
         0.0000e+00,  0.0000e+00,  0.0000e+00,  0.0000e+00,  0.0000e+00,
         0.0000e+00,  0.0000e+00,  0.0000e+00,  0.0000e+00,  0.0000e+00,
         0.0000e+00,  0.0000e+00,  0.0000e+00,  0.0000e+00,  0.0000e+00,
         0.0000e+00,  9.7100e-06,  1.2666e-05,  8.9812e-06,  8.7353e-06,
         0.0000e+00,  0.0000e+00,  0.0000e+00,  0.0000e+00,  0.0000e+00,
         0.0000e+00,  0.0000e+00,  0.0000e+00,  0.0000e+00,  0.0000e+00,
         0.0000e+00,  0.0000e+00,  0.0000e+00,  0.0000e+00,  0.0000e+00,
         0.0000e+00,  8.8457e-06,  1.3407e-05,  1.9499e-05,  2.6328e-05,
         1.1995e-05, -4.5877e-05, -1.0647e-04, -8.6681e-05, -5.1282e-05,
        -4.5382e-05, -6.6514e-05, -7.0856e-05, -8.0285e-05, -5.8745e-05,
        -1.3668e-05, -3.1732e-05, -2.7961e-05,  2.3331e-05,  1.8321e-05,
         9.6364e-06,  0.0000e+00,  0.0000e+00,  0.0000e+00,  0.0000e+00,
         0.0000e+00,  0.0000e+00,  8.9551e-06,  1.1786e-05,  1.8747e-05,
         2.5299e-05,  2.6844e-05,  1.4137e-05, -4.6565e-05, -9.7306e-05,
        -1.3654e-04, -1.3576e-04, -1.3504e-04, -9.9856e-05, -1.6761e-04,
        -2.5607e-04, -3.2599e-04, -3.1343e-04, -2.8090e-04, -2.1582e-04,
        -1.5111e-04, -6.3621e-05, -4.4498e-05, -7.1398e-05,  4.8093e-06,
         1.7231e-05,  0.0000e+00,  0.0000e+00,  0.0000e+00,  0.0000e+00,
         1.1804e-05,  1.9507e-05, -2.2445e-05,  2.5045e-05,  6.6416e-05,
         6.9485e-05,  4.0712e-05,  2.1681e-05, -1.7304e-06,  1.6593e-05,
         5.2913e-05,  5.0306e-05, -5.9977e-05, -1.6313e-04, -2.1677e-04,
        -2.3692e-04, -2.5203e-04, -2.2028e-04, -2.1166e-04, -1.5351e-04,
        -9.4557e-05, -7.3373e-05, -5.0656e-05,  4.8578e-06,  1.4266e-05,
         0.0000e+00,  0.0000e+00,  8.9300e-06,  1.7073e-05,  2.7418e-05,
         3.0860e-05,  9.6161e-05,  1.5596e-04,  1.9090e-04,  2.2780e-04,
         2.3410e-04,  2.8457e-04,  3.4787e-04,  4.0654e-04,  4.0521e-04,
         3.4299e-04,  3.0162e-04,  2.5276e-04,  1.9042e-04,  1.5400e-04,
         1.1817e-04,  4.9371e-05, -3.9063e-05, -1.0662e-04, -1.4466e-04,
        -9.1931e-05, -5.4389e-06,  2.8942e-05,  1.2672e-05,  0.0000e+00,
         8.8960e-06,  7.6918e-06,  4.7883e-05,  1.0532e-04,  1.8753e-04,
         2.5472e-04,  3.1934e-04,  3.6392e-04,  3.9681e-04,  4.4187e-04,
         4.6772e-04,  4.7849e-04,  4.7890e-04,  4.6407e-04,  4.6736e-04,
         4.3536e-04,  3.7485e-04,  3.2327e-04,  2.4679e-04,  1.2373e-04,
         1.5664e-05, -7.2744e-05, -1.4473e-04, -1.5852e-04, -1.1163e-04,
        -4.6553e-05,  1.8047e-05,  0.0000e+00,  1.1880e-05,  1.4262e-05,
         6.1465e-05,  1.5069e-04,  2.0006e-04,  2.4867e-04,  3.2401e-04,
         3.5969e-04,  3.6141e-04,  3.4638e-04,  2.9764e-04,  2.5931e-04,
         2.2374e-04,  2.0865e-04,  2.4097e-04,  2.9990e-04,  3.2936e-04,
         3.3040e-04,  2.5665e-04,  1.5883e-04,  2.3978e-05, -9.4049e-05,
        -1.7861e-04, -2.1120e-04, -1.5830e-04, -7.4297e-05, -7.8179e-05,
         8.9360e-06,  3.0756e-05, -1.0137e-05, -1.3499e-05,  6.2292e-05,
         9.3548e-05,  1.3249e-04,  1.3824e-04,  1.2745e-04,  7.9302e-05,
        -9.3777e-06, -1.5662e-04, -2.8235e-04, -3.3928e-04, -2.7615e-04,
        -1.6978e-04, -3.9740e-06,  1.2737e-04,  1.8824e-04,  1.6074e-04,
         1.0204e-04,  3.4923e-05, -6.7418e-05, -1.9025e-04, -2.5106e-04,
        -1.8997e-04, -3.1736e-05, -2.0009e-05,  1.1049e-05,  3.6850e-05,
        -5.3728e-05, -8.5449e-05, -3.6597e-05, -4.8824e-05, -4.5342e-05,
        -8.2554e-05, -1.5011e-04, -2.6243e-04, -4.3631e-04, -6.5042e-04,
        -7.4106e-04, -6.7496e-04, -4.6819e-04, -2.2264e-04,  1.0177e-05,
         1.1434e-04,  1.3526e-04,  1.1983e-04,  9.2776e-05,  3.8579e-05,
        -1.8552e-05, -1.4555e-04, -2.4767e-04, -1.9593e-04, -3.7531e-05,
        -9.0571e-06,  1.6442e-05,  3.9614e-05, -3.2576e-05, -1.1063e-04,
        -1.1271e-04, -1.3730e-04, -1.6429e-04, -2.3667e-04, -3.8722e-04,
        -5.2209e-04, -7.2560e-04, -8.5738e-04, -8.2469e-04, -5.8242e-04,
        -2.2347e-04,  9.3125e-05,  1.8756e-04,  1.7031e-04,  1.0705e-04,
         4.4430e-05,  3.5483e-05,  6.6246e-05,  6.7104e-05, -3.3394e-05,
        -1.8024e-04, -2.4353e-04, -5.2251e-05,  1.0375e-05,  1.6744e-05,
         3.2591e-05, -2.3315e-05, -8.6237e-05, -1.3018e-04, -1.3153e-04,
        -2.1998e-04, -3.2582e-04, -4.5898e-04, -6.1073e-04, -7.5438e-04,
        -7.9399e-04, -6.4441e-04, -2.9168e-04,  1.7181e-04,  4.2648e-04,
         3.4983e-04,  1.5526e-04, -1.0755e-05, -6.0003e-05,  1.9805e-05,
         1.1061e-04,  1.6281e-04,  1.2235e-04, -3.0031e-05, -1.3922e-04,
        -2.6788e-05,  6.4764e-06,  1.6892e-05,  2.4557e-05, -5.7276e-07,
        -6.0453e-05, -8.3374e-05, -6.6116e-05, -1.5848e-04, -2.6208e-04,
        -4.1482e-04, -5.8052e-04, -6.9570e-04, -6.8021e-04, -4.6871e-04,
        -5.3020e-05,  4.1252e-04,  5.3125e-04,  2.8774e-04, -3.8775e-05,
        -2.2724e-04, -1.7255e-04, -6.2799e-06,  1.6216e-04,  2.4916e-04,
         2.4933e-04,  1.1293e-04,  6.1281e-07,  4.3629e-05,  2.2775e-05,
         1.0538e-05,  3.1937e-05,  3.1024e-05,  2.9238e-05,  1.5758e-06,
         1.5649e-05, -3.0303e-05, -1.2859e-04, -2.7713e-04, -4.2834e-04,
        -5.5070e-04, -5.4209e-04, -3.7285e-04,  4.9587e-05,  3.9533e-04,
         3.5351e-04, -2.0592e-05, -3.4206e-04, -4.2732e-04, -2.7378e-04,
        -3.3173e-05,  2.0241e-04,  3.1425e-04,  2.9158e-04,  1.6871e-04,
         3.9037e-05,  3.7059e-05,  2.1832e-05,  8.9183e-06,  2.4853e-05,
         1.5216e-05,  6.5740e-05,  6.2183e-05,  1.3164e-04,  1.1235e-04,
         5.2143e-05, -8.4512e-05, -2.5178e-04, -3.9033e-04, -4.3306e-04,
        -3.3080e-04,  3.9023e-05,  2.2277e-04,  2.8281e-05, -3.7571e-04,
        -5.6451e-04, -4.6944e-04, -2.3440e-04,  2.0284e-05,  2.1238e-04,
         3.0904e-04,  2.7222e-04,  1.6827e-04,  3.5215e-05,  3.7301e-05,
         1.6297e-05,  8.9714e-06,  1.7512e-05,  1.6001e-05,  5.7604e-05,
         1.2485e-04,  2.3513e-04,  2.8621e-04,  2.5772e-04,  1.1169e-04,
        -6.7284e-05, -2.3218e-04, -3.1284e-04, -2.1414e-04,  6.7824e-05,
         1.0943e-04, -1.7580e-04, -5.7456e-04, -5.8655e-04, -3.6272e-04,
        -6.9819e-05,  1.0333e-04,  2.1952e-04,  2.6609e-04,  2.2514e-04,
         1.2888e-04,  1.9372e-05,  4.0680e-05,  1.5333e-05,  1.0435e-05,
         9.2173e-06,  3.8391e-05,  6.4127e-05,  1.9544e-04,  3.5106e-04,
         4.2269e-04,  4.1260e-04,  2.6785e-04,  5.2281e-05, -1.2296e-04,
        -1.7253e-04, -4.6791e-05,  1.6681e-04,  9.4220e-05, -2.7845e-04,
        -5.9501e-04, -4.6392e-04, -1.7139e-04,  8.8746e-05,  2.0074e-04,
         2.3996e-04,  2.3401e-04,  1.7968e-04,  1.1125e-04,  3.9510e-05,
         6.4721e-05,  2.1555e-05,  8.9332e-06,  1.6799e-05,  4.4966e-05,
         1.0331e-04,  2.8133e-04,  4.7245e-04,  5.2919e-04,  5.0114e-04,
         3.4270e-04,  9.2125e-05, -1.1725e-04, -1.2210e-04,  6.9328e-05,
         2.3669e-04,  9.0443e-05, -3.2977e-04, -5.4917e-04, -3.5628e-04,
        -1.8971e-05,  1.8667e-04,  2.6751e-04,  2.6001e-04,  2.0565e-04,
         1.4862e-04,  9.9028e-05,  5.9150e-05,  7.0184e-05,  2.3510e-05,
         0.0000e+00, -6.5162e-06,  5.3449e-05,  1.5461e-04,  3.4896e-04,
         5.2575e-04,  5.7416e-04,  5.3372e-04,  3.2606e-04,  1.9813e-05,
        -1.6208e-04, -1.1717e-04,  9.8485e-05,  2.2614e-04,  2.7035e-05,
        -3.3744e-04, -4.7919e-04, -2.5756e-04,  7.1475e-05,  2.1669e-04,
         2.6501e-04,  2.5374e-04,  1.9857e-04,  1.6095e-04,  1.2347e-04,
         1.0452e-04,  7.6228e-05,  2.6764e-05, -3.4902e-05,  2.3562e-06,
         7.0227e-05,  1.9881e-04,  3.8682e-04,  5.1277e-04,  5.5932e-04,
         5.1832e-04,  2.8740e-04, -4.0540e-06, -1.7109e-04, -1.1277e-04,
         8.3925e-05,  1.4229e-04, -6.3095e-05, -3.1732e-04, -3.8204e-04,
        -1.6177e-04,  1.2259e-04,  2.3480e-04,  2.5839e-04,  2.6255e-04,
         2.3215e-04,  2.0150e-04,  1.7833e-04,  1.4593e-04,  6.1278e-05,
         2.3216e-05,  8.8364e-06,  2.4116e-05,  9.2864e-05,  2.3179e-04,
         4.0055e-04,  4.9947e-04,  5.1521e-04,  4.7288e-04,  3.0503e-04,
         9.8709e-05, -6.6055e-05, -3.5997e-05,  5.4218e-05,  2.3264e-05,
        -1.4196e-04, -2.8382e-04, -2.7843e-04, -6.0612e-05,  1.3346e-04,
         2.4017e-04,  2.5584e-04,  2.8526e-04,  2.7888e-04,  2.4095e-04,
         2.1656e-04,  1.6310e-04,  6.8917e-05,  1.8433e-05,  0.0000e+00,
         2.3542e-05,  9.9704e-05,  2.4319e-04,  3.9662e-04,  4.9264e-04,
         5.0263e-04,  4.6859e-04,  3.9534e-04,  2.6817e-04,  1.4193e-04,
         7.1041e-05,  2.3484e-05, -9.6010e-05, -1.9730e-04, -2.4525e-04,
        -1.4759e-04,  3.1348e-05,  1.7367e-04,  2.4208e-04,  2.8161e-04,
         3.0108e-04,  2.7166e-04,  2.5977e-04,  2.1736e-04,  1.3968e-04,
         6.1998e-05,  1.2670e-05,  8.9183e-06,  2.2029e-05,  9.6397e-05,
         2.2730e-04,  3.7003e-04,  4.5183e-04,  4.9371e-04,  4.8201e-04,
         4.6105e-04,  4.1028e-04,  3.2777e-04,  1.7650e-04,  4.7348e-06,
        -1.1987e-04, -1.5649e-04, -1.3996e-04, -4.3655e-05,  7.2939e-05,
         1.6441e-04,  2.2688e-04,  2.4479e-04,  2.4850e-04,  2.2748e-04,
         2.3244e-04,  1.7623e-04,  1.0484e-04,  4.6868e-05,  8.9318e-06,
         8.9162e-06,  1.3139e-05,  7.8309e-05,  1.8287e-04,  2.9847e-04,
         3.8615e-04,  4.3558e-04,  4.6454e-04,  4.5466e-04,  4.2375e-04,
         3.3540e-04,  1.8179e-04,  2.0608e-05, -6.3589e-05, -6.9812e-05,
        -5.2267e-05,  4.7293e-06,  3.7290e-05,  1.0169e-04,  1.4121e-04,
         1.6301e-04,  1.8720e-04,  1.8495e-04,  1.6966e-04,  1.2674e-04,
         7.7481e-05,  2.8657e-05,  8.9593e-06,  0.0000e+00,  8.8960e-06,
         5.1867e-05,  1.1839e-04,  1.7975e-04,  2.4825e-04,  2.7304e-04,
         2.7597e-04,  2.4999e-04,  1.9889e-04,  8.6471e-05, -5.0355e-05,
        -1.6000e-04, -1.9470e-04, -1.8365e-04, -1.4233e-04, -1.2614e-04,
        -9.1298e-05, -2.6518e-05,  4.5124e-05,  9.6745e-05,  1.0674e-04,
         9.8186e-05,  9.3579e-05,  5.9815e-05,  4.8358e-05,  2.2925e-05,
         0.0000e+00,  0.0000e+00,  0.0000e+00,  2.2788e-05,  6.6828e-05,
         7.1978e-05,  6.2294e-05,  4.1381e-05, -3.7905e-05, -1.3650e-04,
        -2.3489e-04, -3.7609e-04, -4.8319e-04, -5.2836e-04, -5.0906e-04,
        -4.2160e-04, -3.5725e-04, -3.1727e-04, -2.1988e-04, -1.0912e-04,
        -4.7572e-06,  3.1743e-05,  3.3809e-05,  1.2310e-05, -2.4655e-05,
         1.4931e-05,  2.5125e-05,  1.0441e-05,  0.0000e+00,  0.0000e+00,
         0.0000e+00, -5.4520e-06,  1.0842e-05, -9.5274e-06, -7.2439e-05,
        -1.3717e-04, -2.1952e-04, -3.0302e-04, -4.4084e-04, -5.6334e-04,
        -6.6200e-04, -6.8720e-04, -6.4522e-04, -5.4865e-04, -4.6215e-04,
        -3.9141e-04, -2.8653e-04, -1.4735e-04, -3.4327e-05, -1.3348e-05,
        -3.9844e-05, -1.7887e-05, -4.6561e-05, -2.1365e-05,  1.5045e-05,
         8.9696e-06,  0.0000e+00,  0.0000e+00,  0.0000e+00,  0.0000e+00,
         8.9295e-06, -6.6604e-05, -5.2618e-05, -7.8941e-05, -1.5143e-04,
        -2.5556e-04, -3.4633e-04, -4.2877e-04, -5.2407e-04, -5.5548e-04,
        -5.0608e-04, -4.0993e-04, -3.1140e-04, -2.3340e-04, -1.4979e-04,
        -1.0796e-04, -3.7412e-05, -2.8180e-05, -5.1188e-06,  2.2890e-06,
         6.7074e-06,  6.4233e-06,  8.9519e-06,  0.0000e+00,  0.0000e+00,
         0.0000e+00,  0.0000e+00,  0.0000e+00,  0.0000e+00,  1.2722e-05,
         1.9930e-05, -4.6451e-06, -3.7942e-06, -4.0688e-05, -1.0452e-04,
        -1.2753e-04, -6.8894e-05, -8.5365e-05, -1.2447e-04, -1.1659e-04,
        -1.0408e-04,  3.8128e-06,  3.5802e-05,  4.0976e-05,  3.3123e-05,
         1.6707e-05,  2.1703e-05,  1.4999e-05,  1.2670e-05,  0.0000e+00,
         0.0000e+00,  0.0000e+00,  0.0000e+00,  0.0000e+00,  0.0000e+00,
         0.0000e+00,  0.0000e+00,  0.0000e+00,  0.0000e+00,  0.0000e+00,
         0.0000e+00,  0.0000e+00,  0.0000e+00,  0.0000e+00,  0.0000e+00,
         9.6215e-06,  1.2551e-05,  8.8997e-06,  8.6557e-06,  0.0000e+00,
         0.0000e+00,  0.0000e+00,  0.0000e+00,  0.0000e+00,  0.0000e+00,
         0.0000e+00,  0.0000e+00,  0.0000e+00,  0.0000e+00,  0.0000e+00,
         0.0000e+00,  0.0000e+00,  0.0000e+00,  0.0000e+00,  0.0000e+00,
         8.7656e-06,  5.6196e-06, -6.9775e-06,  4.5761e-06, -1.5832e-08,
        -5.4828e-05, -9.7015e-05, -7.9804e-05, -7.2511e-05, -1.1564e-04,
        -1.5094e-04, -1.2796e-04, -7.0059e-05, -3.6804e-05, -3.4980e-06,
        -3.2701e-05, -2.8754e-05,  2.3041e-05,  1.8155e-05,  9.5490e-06,
         0.0000e+00,  0.0000e+00,  0.0000e+00,  0.0000e+00,  0.0000e+00,
         0.0000e+00,  8.8736e-06,  1.1680e-05,  1.8578e-05,  1.8772e-05,
        -9.7379e-06, -4.5841e-05, -8.1781e-05, -7.3147e-05, -9.5721e-05,
        -1.2961e-04, -2.1624e-04, -2.2508e-04, -2.8470e-04, -3.2781e-04,
        -3.3403e-04, -2.6605e-04, -2.1557e-04, -1.7713e-04, -1.4283e-04,
        -6.3794e-05, -4.5618e-05, -1.0387e-04, -3.7213e-05,  1.7077e-05,
         0.0000e+00,  0.0000e+00,  0.0000e+00,  0.0000e+00,  1.1697e-05,
         1.9331e-05, -4.5242e-05,  2.0862e-05,  3.5504e-05,  3.7290e-05,
         3.5547e-05,  4.8621e-05,  6.0154e-06, -7.9386e-06, -2.2789e-05,
        -4.2871e-05, -1.3071e-04, -1.8758e-04, -2.0090e-04, -1.9805e-04,
        -2.0590e-04, -1.8149e-04, -1.7488e-04, -1.2587e-04, -8.9900e-05,
        -9.2898e-05, -8.1208e-05, -7.9442e-07,  1.4137e-05,  0.0000e+00,
         0.0000e+00,  8.8494e-06,  1.6918e-05,  3.2146e-05,  3.4625e-05,
         9.6889e-05,  1.3419e-04,  1.7610e-04,  2.2661e-04,  2.3828e-04,
         2.7613e-04,  3.1766e-04,  3.5357e-04,  3.5635e-04,  3.2230e-04,
         3.1077e-04,  2.8416e-04,  2.3381e-04,  2.0388e-04,  1.6691e-04,
         9.6382e-05,  5.8897e-06, -7.2626e-05, -1.2228e-04, -8.6809e-05,
        -3.1732e-05,  7.2327e-06,  1.2556e-05,  0.0000e+00,  8.8140e-06,
         1.9971e-05,  5.0179e-05,  1.1299e-04,  1.8549e-04,  2.3833e-04,
         3.0533e-04,  3.5476e-04,  3.8926e-04,  4.2845e-04,  4.4216e-04,
         4.4744e-04,  4.6526e-04,  4.7650e-04,  4.9701e-04,  4.7275e-04,
         4.1533e-04,  3.6562e-04,  2.9622e-04,  1.7703e-04,  5.9264e-05,
        -5.0669e-05, -1.4044e-04, -1.6710e-04, -1.7187e-04, -1.3683e-04,
         1.7884e-05,  0.0000e+00,  1.1772e-05,  2.3803e-05,  6.8758e-05,
         1.5823e-04,  1.9890e-04,  2.3625e-04,  3.1297e-04,  3.4907e-04,
         3.5234e-04,  3.3209e-04,  2.7576e-04,  2.4992e-04,  2.3827e-04,
         2.4082e-04,  2.7493e-04,  3.3080e-04,  3.5903e-04,  3.6160e-04,
         2.9188e-04,  1.9900e-04,  6.4763e-05, -6.5578e-05, -1.5540e-04,
        -1.8971e-04, -1.6796e-04, -1.1894e-04, -6.7555e-05,  8.8606e-06,
         2.9806e-05, -4.1095e-06, -1.2893e-05,  6.3507e-05,  8.6434e-05,
         1.2134e-04,  1.3368e-04,  1.2541e-04,  8.0517e-05, -7.9554e-06,
        -1.4368e-04, -2.4907e-04, -2.9054e-04, -2.2795e-04, -1.3421e-04,
         1.6209e-05,  1.4024e-04,  1.9657e-04,  1.7255e-04,  1.1992e-04,
         6.3151e-05, -4.0252e-05, -1.6436e-04, -2.2626e-04, -1.8551e-04,
        -8.4832e-05, -4.3185e-05,  1.0954e-05,  1.4642e-05, -1.0267e-04,
        -1.0928e-04, -4.7669e-05, -6.8849e-05, -6.1983e-05, -8.7242e-05,
        -1.4378e-04, -2.4426e-04, -4.0288e-04, -6.0106e-04, -6.8222e-04,
        -6.2787e-04, -4.2694e-04, -1.9318e-04,  2.2540e-05,  1.0828e-04,
         1.2183e-04,  1.0468e-04,  8.8558e-05,  4.8559e-05, -6.9058e-06,
        -1.4297e-04, -2.5313e-04, -1.9451e-04, -5.4074e-05,  9.3486e-06,
         1.6293e-05, -5.1139e-06, -1.0021e-04, -1.4989e-04, -1.4421e-04,
        -1.7117e-04, -1.9356e-04, -2.5156e-04, -3.7768e-04, -4.8845e-04,
        -6.7643e-04, -8.0666e-04, -7.9165e-04, -5.6588e-04, -2.1951e-04,
         9.0605e-05,  1.8094e-04,  1.5265e-04,  7.9382e-05,  1.4100e-05,
         1.7559e-05,  6.2095e-05,  6.1813e-05, -5.6193e-05, -2.0812e-04,
        -2.4740e-04, -8.2191e-05, -3.3299e-05,  1.6592e-05, -4.9332e-06,
        -1.0189e-04, -1.5249e-04, -2.0008e-04, -1.8840e-04, -2.5656e-04,
        -3.3092e-04, -4.4099e-04, -5.7559e-04, -7.1644e-04, -7.7809e-04,
        -6.5124e-04, -3.1221e-04,  1.4705e-04,  3.9512e-04,  3.1871e-04,
         1.2579e-04, -3.9391e-05, -9.6416e-05, -1.4218e-05,  8.1968e-05,
         1.2167e-04,  6.1678e-05, -1.1016e-04, -2.4088e-04, -9.8652e-05,
        -2.3074e-05,  1.6739e-05,  2.1886e-05, -6.6530e-05, -1.5807e-04,
        -1.8243e-04, -1.3566e-04, -1.8166e-04, -2.4375e-04, -3.8440e-04,
        -5.4181e-04, -6.6930e-04, -6.7537e-04, -4.7556e-04, -6.2870e-05,
         3.8675e-04,  4.8697e-04,  2.4341e-04, -6.8142e-05, -2.5244e-04,
        -2.1985e-04, -6.2766e-05,  1.0311e-04,  1.8277e-04,  1.7107e-04,
         1.7046e-05, -1.4995e-04, -2.7799e-05,  2.2570e-05,  9.0692e-06,
         9.3654e-06, -7.1207e-05, -9.4564e-05, -1.1593e-04, -4.3394e-05,
        -3.3946e-05, -9.2071e-05, -2.3865e-04, -3.9025e-04, -5.2652e-04,
        -5.2856e-04, -3.5915e-04,  5.6081e-05,  3.7954e-04,  3.2100e-04,
        -4.7933e-05, -3.5601e-04, -4.4697e-04, -3.2415e-04, -1.0038e-04,
         1.3401e-04,  2.5720e-04,  2.4541e-04,  1.1876e-04, -5.3764e-05,
         1.8839e-05,  2.1635e-05,  8.8380e-06, -5.5758e-05, -1.0853e-04,
        -7.2511e-05, -4.6703e-05,  9.3803e-05,  1.3681e-04,  8.8897e-05,
        -4.7456e-05, -2.1621e-04, -3.6286e-04, -4.0811e-04, -3.1026e-04,
         4.7551e-05,  2.1983e-04,  1.4409e-05, -3.8566e-04, -5.6155e-04,
        -4.7299e-04, -2.6895e-04, -3.3196e-05,  1.5928e-04,  2.7318e-04,
         2.5152e-04,  1.4490e-04, -2.0182e-06,  3.6128e-05,  1.6149e-05,
         8.8885e-06, -6.2347e-05, -5.8630e-05, -5.0860e-05,  4.9032e-05,
         2.2078e-04,  3.1174e-04,  2.8064e-04,  1.2749e-04, -5.4752e-05,
        -2.2329e-04, -3.0134e-04, -2.0201e-04,  6.7662e-05,  9.4435e-05,
        -1.9817e-04, -5.6943e-04, -5.5810e-04, -3.4267e-04, -8.1647e-05,
         7.2418e-05,  1.8835e-04,  2.4524e-04,  2.1734e-04,  1.2436e-04,
        -7.8417e-07,  4.0995e-05,  1.5195e-05,  1.0340e-05,  9.1344e-06,
         3.0883e-05,  4.1911e-05,  1.6423e-04,  3.4965e-04,  4.3439e-04,
         4.1529e-04,  2.5458e-04,  3.0471e-05, -1.5786e-04, -2.0921e-04,
        -8.3771e-05,  1.1991e-04,  3.6316e-05, -3.1610e-04, -5.7561e-04,
        -4.0709e-04, -1.2877e-04,  8.8563e-05,  1.7122e-04,  2.0931e-04,
         2.2301e-04,  1.8787e-04,  1.2519e-04,  3.2792e-05,  6.4187e-05,
         2.1358e-05,  8.8525e-06,  1.6646e-05,  4.5061e-05,  1.1112e-04,
         2.8213e-04,  4.7539e-04,  5.3274e-04,  4.9376e-04,  3.1850e-04,
         5.9789e-05, -1.7150e-04, -1.8799e-04, -1.2102e-05,  1.3764e-04,
         3.3900e-07, -3.6511e-04, -5.0656e-04, -2.7930e-04,  3.3550e-05,
         1.8467e-04,  2.2616e-04,  2.1824e-04,  2.0438e-04,  1.7597e-04,
         1.2587e-04,  6.1814e-05,  6.4550e-05,  2.3298e-05,  0.0000e+00,
        -1.8560e-05,  5.3452e-05,  1.6075e-04,  3.5795e-04,  5.3216e-04,
         5.7523e-04,  5.2646e-04,  3.0744e-04, -3.3323e-06, -2.0780e-04,
        -1.9398e-04, -6.7037e-06,  1.0927e-04, -5.7232e-05, -3.4863e-04,
        -4.1363e-04, -1.6716e-04,  1.1140e-04,  1.9527e-04,  2.1066e-04,
         2.1940e-04,  2.1346e-04,  1.9847e-04,  1.4533e-04,  1.0309e-04,
         7.0606e-05,  2.6524e-05,  9.0208e-06, -4.2599e-06,  7.0209e-05,
         1.9938e-04,  3.9215e-04,  5.2111e-04,  5.6172e-04,  5.1421e-04,
         2.7454e-04, -2.0349e-05, -2.1251e-04, -1.9584e-04, -2.5511e-05,
         3.5803e-05, -1.2447e-04, -3.0536e-04, -2.9870e-04, -7.8460e-05,
         1.3619e-04,  1.9557e-04,  2.0984e-04,  2.5127e-04,  2.5828e-04,
         2.3083e-04,  1.8950e-04,  1.4371e-04,  6.5880e-05,  2.3007e-05,
         8.7582e-06,  2.3897e-05,  9.2024e-05,  2.3119e-04,  4.0393e-04,
         5.0996e-04,  5.2622e-04,  4.7482e-04,  3.0195e-04,  8.6062e-05,
        -1.0912e-04, -1.1697e-04, -4.2464e-05, -6.4258e-05, -1.7809e-04,
        -2.4551e-04, -1.8852e-04,  3.6098e-06,  1.2735e-04,  1.9887e-04,
         2.2487e-04,  2.8782e-04,  3.0401e-04,  2.5639e-04,  2.2064e-04,
         1.5868e-04,  6.8294e-05,  1.8265e-05,  0.0000e+00,  2.3328e-05,
         9.9347e-05,  2.4277e-04,  4.0005e-04,  5.0541e-04,  5.2065e-04,
         4.8235e-04,  4.0731e-04,  2.6996e-04,  1.1072e-04,  1.9632e-05,
        -3.3841e-05, -1.3546e-04, -1.7881e-04, -1.7375e-04, -6.2626e-05,
         7.8434e-05,  1.6532e-04,  2.1293e-04,  2.6060e-04,  3.0233e-04,
         2.8158e-04,  2.6138e-04,  2.1598e-04,  1.3699e-04,  6.1438e-05,
         1.2554e-05,  8.8383e-06,  2.1830e-05,  9.5527e-05,  2.2648e-04,
         3.7293e-04,  4.6662e-04,  5.1005e-04,  5.0046e-04,  4.8096e-04,
         4.1813e-04,  3.2061e-04,  1.6945e-04,  1.1132e-05, -8.7446e-05,
        -8.1223e-05, -4.8744e-05,  3.2224e-05,  1.1734e-04,  1.6134e-04,
         2.0127e-04,  2.1709e-04,  2.3681e-04,  2.2649e-04,  2.2499e-04,
         1.7534e-04,  1.0354e-04,  4.6443e-05,  8.8513e-06,  8.8364e-06,
         1.3022e-05,  7.7601e-05,  1.8197e-04,  2.9808e-04,  3.9114e-04,
         4.4294e-04,  4.7574e-04,  4.6411e-04,  4.2901e-04,  3.4308e-04,
         2.0553e-04,  6.7538e-05,  1.2212e-05,  2.2388e-05,  3.5126e-05,
         6.4002e-05,  6.9469e-05,  9.4743e-05,  1.0553e-04,  1.1517e-04,
         1.5025e-04,  1.7254e-04,  1.5995e-04,  1.2967e-04,  7.8557e-05,
         2.8397e-05,  8.8792e-06,  0.0000e+00,  8.8140e-06,  5.1400e-05,
         1.1771e-04,  1.7715e-04,  2.4092e-04,  2.6503e-04,  2.6150e-04,
         2.3309e-04,  1.8922e-04,  9.0558e-05, -2.7409e-05, -1.2277e-04,
        -1.4441e-04, -1.2954e-04, -9.5546e-05, -9.1344e-05, -6.6831e-05,
        -3.7715e-05, -1.4608e-05,  8.7395e-06,  3.7269e-05,  7.9170e-05,
         8.8576e-05,  6.0260e-05,  4.7920e-05,  2.2721e-05,  0.0000e+00,
         0.0000e+00,  0.0000e+00,  2.2581e-05,  6.6224e-05,  7.0994e-05,
         4.8181e-05,  1.4948e-05, -8.4388e-05, -1.7709e-04, -2.5867e-04,
        -3.8437e-04, -4.8104e-04, -5.1666e-04, -4.8962e-04, -3.9215e-04,
        -3.2269e-04, -2.7514e-04, -1.8575e-04, -1.2588e-04, -9.1126e-05,
        -8.7772e-05, -5.7636e-05, -1.9955e-05, -3.0913e-05,  2.1322e-05,
         2.4900e-05,  1.0347e-05,  0.0000e+00,  0.0000e+00,  0.0000e+00,
         9.8757e-06,  1.2074e-05,  8.0597e-06, -6.2461e-05, -1.4901e-04,
        -2.5525e-04, -3.1625e-04, -4.4058e-04, -5.5632e-04, -6.4950e-04,
        -6.6597e-04, -6.1258e-04, -5.0447e-04, -4.1688e-04, -3.3573e-04,
        -2.4088e-04, -1.5018e-04, -1.0961e-04, -1.1574e-04, -1.3229e-04,
        -6.3370e-05, -5.3623e-05,  5.9139e-06,  1.4909e-05,  8.8885e-06,
         0.0000e+00,  0.0000e+00,  0.0000e+00,  0.0000e+00,  8.8476e-06,
         2.7362e-06, -1.6727e-06, -6.9071e-05, -1.5445e-04, -2.0428e-04,
        -2.8175e-04, -4.0310e-04, -5.1131e-04, -5.4372e-04, -4.9749e-04,
        -4.0266e-04, -3.0144e-04, -2.1400e-04, -1.4072e-04, -1.1046e-04,
        -5.8435e-05, -6.4113e-05, -4.5762e-05, -3.2418e-05, -2.2685e-05,
         8.2515e-07,  8.8718e-06,  0.0000e+00,  0.0000e+00,  0.0000e+00,
         0.0000e+00,  0.0000e+00,  0.0000e+00,  1.2607e-05,  1.9750e-05,
        -1.4654e-05,  4.8950e-06,  1.1720e-05, -1.6764e-05, -1.0821e-04,
        -7.7339e-05, -1.1407e-04, -1.4310e-04, -1.1198e-04, -9.1558e-05,
        -2.8952e-05, -1.6507e-05, -2.1496e-05, -9.8832e-06, -8.2635e-06,
         5.4985e-06, -2.6159e-05,  1.2556e-05,  0.0000e+00,  0.0000e+00,
         0.0000e+00,  0.0000e+00,  0.0000e+00,  0.0000e+00,  0.0000e+00,
         0.0000e+00,  0.0000e+00,  0.0000e+00,  0.0000e+00,  0.0000e+00,
         0.0000e+00,  0.0000e+00,  0.0000e+00,  0.0000e+00,  9.4511e-06,
         1.2330e-05,  8.7433e-06,  8.5039e-06,  0.0000e+00,  0.0000e+00,
         0.0000e+00,  0.0000e+00,  0.0000e+00,  0.0000e+00,  0.0000e+00,
         0.0000e+00,  0.0000e+00,  0.0000e+00,  0.0000e+00,  0.0000e+00,
         0.0000e+00,  0.0000e+00,  0.0000e+00,  0.0000e+00,  8.6110e-06,
         1.3046e-05,  1.8965e-05,  2.5615e-05,  1.6900e-05, -3.3746e-05,
        -6.4603e-05, -9.2741e-06, -2.9616e-07, -4.8114e-05, -4.1030e-05,
        -2.3961e-05, -6.1404e-05, -4.2418e-05,  2.9169e-06, -1.6052e-05,
        -1.3780e-05,  2.3059e-05,  1.7835e-05,  9.3803e-06,  0.0000e+00,
         0.0000e+00,  0.0000e+00,  0.0000e+00,  0.0000e+00,  0.0000e+00,
         8.7172e-06,  1.1474e-05,  1.8250e-05,  2.4625e-05,  3.1785e-05,
         4.6443e-05,  1.4670e-05, -6.4190e-05, -9.7862e-05, -1.1061e-04,
        -1.3208e-04, -6.7730e-05, -1.1961e-04, -2.3190e-04, -2.8794e-04,
        -2.3147e-04, -1.7070e-04, -1.2130e-04, -8.7243e-05, -4.8767e-05,
        -5.9162e-05, -1.1905e-04, -4.1492e-05,  1.6775e-05,  0.0000e+00,
         0.0000e+00,  0.0000e+00,  0.0000e+00,  1.1491e-05,  1.8990e-05,
        -5.5254e-05,  1.8868e-05,  7.3213e-05,  9.5006e-05,  7.9269e-05,
         4.6600e-05,  1.5878e-05,  3.1558e-05,  6.5779e-05,  7.9826e-05,
        -1.6512e-05, -1.1072e-04, -1.4476e-04, -1.4765e-04, -1.5605e-04,
        -1.3267e-04, -1.3222e-04, -1.2382e-04, -1.1538e-04, -1.0821e-04,
        -8.2408e-05, -1.5614e-06,  1.3888e-05,  0.0000e+00,  0.0000e+00,
         8.6930e-06,  1.6620e-05, -1.1488e-05, -2.0601e-06,  7.8391e-05,
         1.4954e-04,  2.0261e-04,  2.4454e-04,  2.4382e-04,  2.9198e-04,
         3.5270e-04,  4.1644e-04,  4.3043e-04,  3.8108e-04,  3.4192e-04,
         3.0490e-04,  2.5067e-04,  2.0973e-04,  1.6342e-04,  8.3916e-05,
        -1.2539e-05, -9.5305e-05, -1.2494e-04, -6.9166e-05, -1.0811e-05,
         2.0877e-05,  1.2335e-05,  0.0000e+00,  8.6576e-06,  2.3441e-05,
         2.5674e-05,  9.3173e-05,  1.7487e-04,  2.4473e-04,  3.1799e-04,
         3.6308e-04,  3.9736e-04,  4.4726e-04,  4.7898e-04,  5.0221e-04,
         5.1457e-04,  5.0514e-04,  5.0623e-04,  4.7615e-04,  4.1246e-04,
         3.5061e-04,  2.6543e-04,  1.4333e-04,  3.8214e-05, -4.5933e-05,
        -1.0351e-04, -9.2808e-05, -6.1410e-05, -8.5619e-05,  1.7568e-05,
         0.0000e+00,  1.1564e-05,  2.4740e-05,  6.9706e-05,  1.5292e-04,
         1.9531e-04,  2.3485e-04,  3.1502e-04,  3.5623e-04,  3.6395e-04,
         3.5172e-04,  3.0987e-04,  2.8354e-04,  2.5450e-04,  2.4331e-04,
         2.8285e-04,  3.4422e-04,  3.6343e-04,  3.5157e-04,  2.7316e-04,
         1.7789e-04,  4.8369e-05, -6.8188e-05, -1.4333e-04, -1.6878e-04,
        -1.2791e-04, -1.1328e-04, -3.7422e-05,  8.6986e-06,  2.9786e-05,
         4.4942e-07,  7.8510e-06,  8.3597e-05,  9.1262e-05,  1.2165e-04,
         1.3595e-04,  1.3743e-04,  9.2435e-05,  3.8143e-06, -1.2386e-04,
        -2.3271e-04, -2.9464e-04, -2.4141e-04, -1.3742e-04,  1.9968e-05,
         1.3649e-04,  1.8034e-04,  1.3997e-04,  7.7473e-05,  1.7429e-05,
        -8.6342e-05, -2.1374e-04, -2.7875e-04, -2.1230e-04, -8.0933e-05,
        -2.9853e-05,  1.0757e-05,  2.3428e-05, -8.9904e-05, -6.5406e-05,
        -8.6986e-06, -4.7768e-05, -4.4967e-05, -7.7546e-05, -1.3199e-04,
        -2.4590e-04, -4.0657e-04, -5.9788e-04, -6.9260e-04, -6.5709e-04,
        -4.6507e-04, -2.3399e-04, -1.2271e-05,  7.6692e-05,  8.1494e-05,
         5.3158e-05,  3.0577e-05, -7.3798e-06, -5.7921e-05, -1.9073e-04,
        -2.9618e-04, -2.1440e-04, -3.8629e-05,  1.6257e-05,  1.6006e-05,
        -2.9546e-07, -9.6160e-05, -1.2352e-04, -1.2376e-04, -1.6074e-04,
        -1.8796e-04, -2.5237e-04, -3.8090e-04, -5.0440e-04, -6.7993e-04,
        -8.0834e-04, -8.1066e-04, -5.9564e-04, -2.5908e-04,  4.2524e-05,
         1.3701e-04,  1.0767e-04,  2.7826e-05, -4.6255e-05, -3.6846e-05,
         2.3447e-05,  3.1361e-05, -7.5750e-05, -2.2549e-04, -2.5994e-04,
        -6.2310e-05, -1.7849e-05,  1.6300e-05, -2.0857e-05, -1.1737e-04,
        -1.5623e-04, -2.0819e-04, -2.1596e-04, -2.8382e-04, -3.6784e-04,
        -4.6966e-04, -5.8740e-04, -7.0851e-04, -7.6641e-04, -6.5862e-04,
        -3.2913e-04,  1.2460e-04,  3.6746e-04,  2.8812e-04,  8.5200e-05,
        -9.6226e-05, -1.6028e-04, -5.9407e-05,  6.2153e-05,  1.1502e-04,
         6.4323e-05, -9.1436e-05, -2.0752e-04, -8.4030e-05, -1.3523e-05,
         1.6443e-05, -7.4878e-07, -9.3799e-05, -1.7795e-04, -2.1305e-04,
        -2.0061e-04, -2.6272e-04, -3.2725e-04, -4.3575e-04, -5.4866e-04,
        -6.4158e-04, -6.4675e-04, -4.7247e-04, -7.6326e-05,  3.7277e-04,
         4.8127e-04,  2.3819e-04, -9.5647e-05, -3.0158e-04, -2.6812e-04,
        -8.8610e-05,  9.8249e-05,  1.8856e-04,  1.8935e-04,  6.0901e-05,
        -8.3359e-05,  1.4335e-05,  2.2172e-05, -2.7297e-06,  1.1275e-05,
        -6.5956e-05, -1.0321e-04, -1.6266e-04, -1.2064e-04, -1.4410e-04,
        -2.0735e-04, -2.9858e-04, -3.8410e-04, -4.8014e-04, -4.8712e-04,
        -3.4674e-04,  5.3301e-05,  3.8177e-04,  3.4096e-04, -2.7621e-05,
        -3.6122e-04, -4.6585e-04, -3.3413e-04, -9.4049e-05,  1.4278e-04,
         2.6016e-04,  2.5313e-04,  1.4164e-04, -9.0757e-06,  3.0391e-05,
         2.1253e-05,  8.6818e-06,  1.6522e-05, -7.5693e-05, -5.9629e-05,
        -8.3379e-05,  1.0863e-05,  1.1165e-05, -3.1877e-05, -1.0642e-04,
        -2.0107e-04, -3.0719e-04, -3.5920e-04, -2.8756e-04,  5.3689e-05,
         2.3475e-04,  5.4605e-05, -3.4324e-04, -5.4029e-04, -4.6673e-04,
        -2.5040e-04,  3.7942e-06,  1.8849e-04,  2.7182e-04,  2.4184e-04,
         1.4920e-04,  2.9054e-05,  4.1099e-05,  1.5866e-05,  8.7330e-06,
         1.6786e-05, -2.0102e-05, -4.0504e-05,  1.4320e-05,  1.3387e-04,
         1.9429e-04,  1.7660e-04,  8.1945e-05, -4.0880e-05, -1.7969e-04,
        -2.7249e-04, -1.9026e-04,  7.4798e-05,  1.2443e-04, -1.3695e-04,
        -5.1009e-04, -5.2926e-04, -3.4005e-04, -5.8260e-05,  1.2423e-04,
         2.3221e-04,  2.4991e-04,  2.0258e-04,  1.1740e-04,  2.0892e-05,
         4.6149e-05,  1.4926e-05,  1.0157e-05,  8.9724e-06,  3.6767e-05,
         2.8798e-05,  1.3329e-04,  2.7687e-04,  3.4416e-04,  3.4448e-04,
         2.3633e-04,  4.9941e-05, -1.1947e-04, -1.8454e-04, -6.2529e-05,
         1.5249e-04,  9.6820e-05, -2.3514e-04, -5.1380e-04, -4.0160e-04,
        -1.4854e-04,  1.0408e-04,  2.3031e-04,  2.6995e-04,  2.3552e-04,
         1.7262e-04,  1.0809e-04,  3.4770e-05,  6.3248e-05,  2.0982e-05,
         8.6967e-06,  1.6354e-05,  4.3876e-05,  9.4188e-05,  2.5524e-04,
         4.2254e-04,  4.7269e-04,  4.5593e-04,  3.2747e-04,  9.6996e-05,
        -1.2342e-04, -1.4711e-04,  3.5991e-05,  2.0505e-04,  8.7485e-05,
        -2.7998e-04, -4.6531e-04, -2.9234e-04,  5.2854e-06,  2.0236e-04,
         2.8734e-04,  2.8083e-04,  2.1749e-04,  1.5726e-04,  1.0792e-04,
         5.8698e-05,  6.6165e-05,  2.2887e-05,  0.0000e+00,  1.4549e-05,
         5.2281e-05,  1.4849e-04,  3.3341e-04,  4.9141e-04,  5.3602e-04,
         5.0984e-04,  3.3379e-04,  4.7192e-05, -1.4381e-04, -1.1783e-04,
         8.5354e-05,  2.1605e-04,  4.4413e-05, -2.8193e-04, -3.9315e-04,
        -1.9023e-04,  9.9849e-05,  2.2314e-04,  2.6921e-04,  2.6922e-04,
         2.1845e-04,  1.7687e-04,  1.3446e-04,  1.0551e-04,  7.1924e-05,
         2.6056e-05, -3.9811e-05,  1.3676e-05,  6.8776e-05,  1.9235e-04,
         3.7271e-04,  4.9113e-04,  5.3385e-04,  5.0264e-04,  2.9991e-04,
         3.2753e-05, -1.3399e-04, -8.6367e-05,  9.9906e-05,  1.6454e-04,
        -2.3892e-05, -2.5433e-04, -2.9960e-04, -1.0234e-04,  1.3472e-04,
         2.2891e-04,  2.5446e-04,  2.7748e-04,  2.5268e-04,  2.1552e-04,
         1.8715e-04,  1.4629e-04,  6.0976e-05,  2.2601e-05,  8.6017e-06,
         2.3477e-05,  9.0402e-05,  2.2522e-04,  3.8964e-04,  4.8869e-04,
         5.0318e-04,  4.6223e-04,  3.1491e-04,  1.3074e-04, -2.9104e-05,
        -4.6883e-06,  9.1337e-05,  6.7884e-05, -9.1221e-05, -2.2094e-04,
        -2.1055e-04, -1.7750e-05,  1.3313e-04,  2.2754e-04,  2.5636e-04,
         2.9776e-04,  2.9149e-04,  2.4874e-04,  2.1573e-04,  1.5887e-04,
         6.7090e-05,  1.7945e-05,  0.0000e+00,  2.2918e-05,  9.7165e-05,
         2.3634e-04,  3.8987e-04,  4.8205e-04,  4.9150e-04,  4.5993e-04,
         4.0188e-04,  2.8939e-04,  1.6479e-04,  1.1135e-04,  8.1209e-05,
        -2.8860e-05, -1.2915e-04, -1.8496e-04, -9.2035e-05,  6.4770e-05,
         1.7424e-04,  2.3579e-04,  2.7416e-04,  3.0246e-04,  2.7189e-04,
         2.4963e-04,  2.0893e-04,  1.3311e-04,  6.0355e-05,  1.2334e-05,
         8.6818e-06,  2.1445e-05,  9.3842e-05,  2.2109e-04,  3.6741e-04,
         4.4166e-04,  4.7272e-04,  4.6213e-04,  4.5242e-04,  4.0549e-04,
         3.3040e-04,  2.0245e-04,  5.8247e-05, -5.1703e-05, -9.5312e-05,
        -8.8079e-05,  1.2682e-05,  1.0801e-04,  1.6444e-04,  2.1244e-04,
         2.1302e-04,  2.2142e-04,  2.0147e-04,  2.0491e-04,  1.6629e-04,
         9.9730e-05,  4.5625e-05,  8.6948e-06,  8.6799e-06,  1.2792e-05,
         7.6232e-05,  1.7769e-04,  2.9474e-04,  3.7141e-04,  4.0902e-04,
         4.3114e-04,  4.2001e-04,  3.9230e-04,  3.1200e-04,  1.7540e-04,
         4.0192e-05, -2.5656e-05, -2.8076e-05, -1.1288e-06,  5.8766e-05,
         5.6063e-05,  8.1898e-05,  8.9860e-05,  8.1093e-05,  1.0917e-04,
         1.3829e-04,  1.3798e-04,  1.1585e-04,  7.4428e-05,  2.7897e-05,
         8.7209e-06,  0.0000e+00,  8.6576e-06,  5.0493e-05,  1.1596e-04,
         1.7699e-04,  2.3044e-04,  2.3811e-04,  2.2522e-04,  1.9667e-04,
         1.5754e-04,  6.2233e-05, -5.1670e-05, -1.4377e-04, -1.6781e-04,
        -1.4657e-04, -9.1113e-05, -7.7995e-05, -8.8174e-05, -7.9185e-05,
        -6.7767e-05, -5.2214e-05, -2.0306e-05,  4.4548e-05,  7.4688e-05,
         4.0136e-05,  4.7076e-05,  2.2318e-05,  0.0000e+00,  0.0000e+00,
         0.0000e+00,  2.2184e-05,  6.5056e-05,  7.2807e-05,  4.8222e-05,
        -6.3516e-07, -1.0584e-04, -2.0335e-04, -2.8051e-04, -3.8409e-04,
        -4.6010e-04, -4.8809e-04, -4.7173e-04, -3.7695e-04, -2.9412e-04,
        -2.6876e-04, -2.4376e-04, -2.1219e-04, -1.7450e-04, -1.7081e-04,
        -1.2602e-04, -5.4607e-05, -5.1254e-05, -2.3445e-05,  2.4460e-05,
         1.0164e-05,  0.0000e+00,  0.0000e+00,  0.0000e+00,  1.0902e-05,
         1.2028e-05, -1.7406e-06, -7.9285e-05, -1.6069e-04, -2.6323e-04,
        -3.4671e-04, -4.6656e-04, -5.5053e-04, -6.2051e-04, -6.4897e-04,
        -6.2351e-04, -5.1459e-04, -4.0944e-04, -3.6667e-04, -3.3579e-04,
        -2.6390e-04, -2.0087e-04, -1.9970e-04, -2.1858e-04, -1.2706e-04,
        -1.1579e-04, -7.2552e-05,  1.4646e-05,  8.7316e-06,  0.0000e+00,
         0.0000e+00,  0.0000e+00,  0.0000e+00,  8.6930e-06, -6.5062e-05,
        -5.5943e-05, -9.3480e-05, -1.7054e-04, -2.5828e-04, -3.5826e-04,
        -4.4292e-04, -5.2925e-04, -5.5401e-04, -4.9442e-04, -3.7256e-04,
        -2.6885e-04, -2.3384e-04, -1.9701e-04, -1.7480e-04, -1.2574e-04,
        -1.2635e-04, -1.1825e-04, -1.0826e-04, -7.9511e-05, -7.8417e-07,
         8.7144e-06,  0.0000e+00,  0.0000e+00,  0.0000e+00,  0.0000e+00,
         0.0000e+00,  0.0000e+00,  1.2385e-05,  1.9402e-05, -5.4583e-05,
        -4.3046e-05, -6.1431e-05, -1.0968e-04, -1.4161e-04, -8.0465e-05,
        -1.1078e-04, -1.0673e-04, -6.0576e-05, -6.7594e-05, -5.1800e-05,
        -4.3500e-05, -5.0649e-05, -1.4264e-05, -4.4703e-07,  1.1697e-06,
        -5.0515e-06,  1.2334e-05,  0.0000e+00,  0.0000e+00,  0.0000e+00,
         0.0000e+00,  0.0000e+00,  0.0000e+00,  0.0000e+00,  0.0000e+00,
         0.0000e+00,  0.0000e+00,  0.0000e+00,  0.0000e+00,  0.0000e+00,
         0.0000e+00,  0.0000e+00,  0.0000e+00,  9.4883e-06,  1.2379e-05,
         8.7772e-06,  8.5374e-06,  0.0000e+00,  0.0000e+00,  0.0000e+00,
         0.0000e+00,  0.0000e+00,  0.0000e+00,  0.0000e+00,  0.0000e+00,
         0.0000e+00,  0.0000e+00,  0.0000e+00,  0.0000e+00,  0.0000e+00,
         0.0000e+00,  0.0000e+00,  0.0000e+00,  8.6445e-06,  9.3561e-06,
         6.2045e-06,  1.5216e-05,  1.5240e-05, -3.1943e-05, -9.0489e-05,
        -8.1427e-05, -8.3575e-05, -1.1290e-04, -1.1890e-04, -7.2971e-05,
        -6.6792e-05, -5.6267e-05, -1.7868e-05, -3.8624e-05, -3.3716e-05,
         2.2810e-05,  1.7905e-05,  9.4173e-06,  0.0000e+00,  0.0000e+00,
         0.0000e+00,  0.0000e+00,  0.0000e+00,  0.0000e+00,  8.7516e-06,
         1.1519e-05,  1.8321e-05,  2.1647e-05, -4.6475e-06, -4.1300e-05,
        -6.7624e-05, -7.9815e-05, -1.0218e-04, -1.2036e-04, -1.8810e-04,
        -1.9726e-04, -2.3845e-04, -2.8437e-04, -3.3052e-04, -2.9604e-04,
        -2.5536e-04, -2.0357e-04, -1.2806e-04, -3.6075e-05, -3.8428e-05,
        -1.0431e-04, -2.4735e-05,  1.6840e-05,  0.0000e+00,  0.0000e+00,
         0.0000e+00,  0.0000e+00,  1.1535e-05,  1.9064e-05,  1.6714e-05,
         2.9605e-05,  3.6871e-05,  4.0154e-05,  2.8718e-05,  3.3179e-05,
         7.1479e-06,  3.4411e-06, -1.1625e-05, -3.1087e-05, -1.1486e-04,
        -1.7479e-04, -2.0953e-04, -2.2296e-04, -2.3005e-04, -1.9330e-04,
        -1.7579e-04, -1.2630e-04, -1.0251e-04, -9.9290e-05, -7.0345e-05,
         2.1160e-06,  1.3942e-05,  0.0000e+00,  0.0000e+00,  8.7265e-06,
         1.6686e-05,  2.3142e-05,  3.5007e-05,  9.2402e-05,  1.2859e-04,
         1.7049e-04,  2.1810e-04,  2.3789e-04,  2.8340e-04,  3.2375e-04,
         3.5681e-04,  3.5778e-04,  3.1919e-04,  2.9434e-04,  2.5283e-04,
         1.9822e-04,  1.7076e-04,  1.4037e-04,  6.8579e-05, -3.0021e-05,
        -1.0566e-04, -1.3820e-04, -8.0409e-05,  7.1675e-06,  2.6722e-05,
         1.2383e-05,  0.0000e+00,  8.6920e-06,  8.1807e-06,  4.4791e-05,
         1.0861e-04,  1.8238e-04,  2.4108e-04,  3.0578e-04,  3.5664e-04,
         3.9729e-04,  4.4161e-04,  4.5270e-04,  4.4932e-04,  4.5771e-04,
         4.5777e-04,  4.6559e-04,  4.3438e-04,  3.7429e-04,  3.2091e-04,
         2.4395e-04,  1.2138e-04,  5.9454e-06, -8.9239e-05, -1.5560e-04,
        -1.4497e-04, -9.4133e-05, -7.1954e-05,  1.7637e-05,  0.0000e+00,
         1.1610e-05,  2.7878e-05,  6.7276e-05,  1.5311e-04,  1.9459e-04,
         2.3477e-04,  3.1115e-04,  3.5745e-04,  3.6910e-04,  3.5161e-04,
         2.8446e-04,  2.4020e-04,  2.1815e-04,  2.1828e-04,  2.6232e-04,
         3.2115e-04,  3.4457e-04,  3.2369e-04,  2.3413e-04,  1.3309e-04,
        -5.0687e-06, -1.2867e-04, -2.0030e-04, -2.0965e-04, -1.4807e-04,
        -1.0653e-04, -1.6466e-05,  8.7386e-06,  3.0223e-05,  4.3262e-05,
         4.5010e-05,  9.8143e-05,  1.1126e-04,  1.3899e-04,  1.5151e-04,
         1.4948e-04,  1.0768e-04,  6.5472e-06, -1.4864e-04, -2.6695e-04,
        -3.1084e-04, -2.3665e-04, -1.2435e-04,  3.4375e-05,  1.4442e-04,
         1.8138e-04,  1.3323e-04,  6.3444e-05, -6.5276e-06, -1.1131e-04,
        -2.3003e-04, -2.7509e-04, -2.0949e-04, -7.9147e-05, -1.9515e-05,
         1.0803e-05,  3.6217e-05,  3.8592e-05,  1.1912e-05,  3.0347e-05,
        -6.4531e-06, -1.3648e-05, -4.5501e-05, -1.1309e-04, -2.3101e-04,
        -4.1899e-04, -6.3551e-04, -7.2261e-04, -6.4454e-04, -4.2476e-04,
        -1.7666e-04,  4.2907e-05,  1.1972e-04,  1.1912e-04,  8.8196e-05,
         5.3680e-05,  9.2946e-07, -5.7746e-05, -1.8305e-04, -2.7754e-04,
        -2.2346e-04, -6.4384e-05, -2.0368e-05,  1.6069e-05,  2.5982e-05,
         3.1974e-05, -2.4095e-05, -4.7430e-05, -9.0399e-05, -1.3427e-04,
        -2.0434e-04, -3.6490e-04, -5.1376e-04, -7.2407e-04, -8.6461e-04,
        -8.2594e-04, -5.6098e-04, -1.8632e-04,  1.3043e-04,  2.2518e-04,
         1.8742e-04,  9.3724e-05,  1.1247e-05,  1.5097e-06,  3.9048e-05,
         4.0799e-05, -7.1354e-05, -2.2996e-04, -2.9298e-04, -8.1589e-05,
        -2.5551e-05,  1.6365e-05, -7.2271e-07, -3.4235e-06, -4.5787e-05,
        -9.5080e-05, -1.1772e-04, -2.1227e-04, -3.2221e-04, -4.6929e-04,
        -6.2593e-04, -7.6728e-04, -8.1124e-04, -6.4465e-04, -2.6678e-04,
         2.0813e-04,  4.6113e-04,  3.9706e-04,  1.8964e-04, -9.8801e-06,
        -9.3896e-05, -1.7058e-05,  8.3217e-05,  1.3116e-04,  7.5139e-05,
        -1.0242e-04, -2.4459e-04, -8.6801e-05, -1.4143e-05,  1.6509e-05,
        -3.2820e-06, -2.7766e-05, -6.0929e-05, -8.9709e-05, -8.7345e-05,
        -1.8665e-04, -2.9832e-04, -4.5559e-04, -6.0477e-04, -6.9899e-04,
        -6.6923e-04, -4.4106e-04, -7.5800e-06,  4.5448e-04,  5.7475e-04,
         3.5159e-04,  7.0552e-06, -2.2665e-04, -2.1917e-04, -6.3740e-05,
         1.1432e-04,  2.0490e-04,  2.0143e-04,  5.2250e-05, -1.2139e-04,
         4.1109e-06,  2.2258e-05,  8.7358e-07,  1.5045e-05,  5.9064e-06,
         6.8983e-06, -5.2508e-05, -2.4924e-05, -8.8292e-05, -2.0441e-04,
        -3.4233e-04, -4.5587e-04, -5.3883e-04, -4.9898e-04, -3.1610e-04,
         1.0989e-04,  4.4871e-04,  4.1901e-04,  5.6073e-05, -3.0358e-04,
        -4.4908e-04, -3.4351e-04, -1.1193e-04,  1.3669e-04,  2.6568e-04,
         2.6744e-04,  1.4670e-04, -4.5169e-05,  2.3220e-05,  2.1336e-05,
         8.7153e-06,  2.0089e-05,  2.1651e-05,  5.5617e-05,  1.3383e-05,
         8.9906e-05,  4.9037e-05, -4.0935e-05, -1.6286e-04, -2.8494e-04,
        -3.6518e-04, -3.6684e-04, -2.5472e-04,  1.0316e-04,  2.8346e-04,
         1.0444e-04, -3.0300e-04, -5.4479e-04, -5.1164e-04, -3.1482e-04,
        -6.6608e-05,  1.4137e-04,  2.6391e-04,  2.6119e-04,  1.6962e-04,
         1.3802e-06,  3.7122e-05,  1.5927e-05,  8.7675e-06,  1.7069e-05,
         3.0776e-05,  6.4833e-05,  8.8950e-05,  1.9469e-04,  2.2317e-04,
         1.6267e-04,  2.0823e-05, -1.2412e-04, -2.2622e-04, -2.5785e-04,
        -1.4574e-04,  1.1785e-04,  1.5428e-04, -1.1400e-04, -5.1080e-04,
        -5.7195e-04, -4.0065e-04, -1.3852e-04,  3.0544e-05,  1.5508e-04,
         2.1996e-04,  2.1245e-04,  1.4131e-04,  1.4381e-05,  4.4189e-05,
         1.4985e-05,  1.0196e-05,  9.0078e-06,  4.2515e-05,  8.3346e-05,
         1.7281e-04,  3.1686e-04,  3.6526e-04,  3.2376e-04,  1.6716e-04,
        -2.8081e-05, -1.5833e-04, -1.6216e-04, -2.2084e-05,  1.7926e-04,
         1.0760e-04, -2.2991e-04, -5.2883e-04, -4.3974e-04, -1.8978e-04,
         3.9745e-05,  1.3698e-04,  1.7368e-04,  1.8446e-04,  1.7132e-04,
         1.3128e-04,  4.3431e-05,  6.4047e-05,  2.1064e-05,  8.7302e-06,
         1.6417e-05,  4.3999e-05,  1.1172e-04,  2.7277e-04,  4.4644e-04,
         4.8420e-04,  4.3168e-04,  2.5374e-04,  1.5051e-05, -1.6475e-04,
        -1.3861e-04,  5.3417e-05,  2.0489e-04,  8.3938e-05, -2.7054e-04,
        -4.6430e-04, -3.1023e-04, -2.2968e-05,  1.4181e-04,  1.9874e-04,
         1.8795e-04,  1.6169e-04,  1.5084e-04,  1.2672e-04,  6.1240e-05,
         6.6140e-05,  2.2978e-05,  0.0000e+00,  1.1088e-05,  5.4847e-05,
         1.5017e-04,  3.3709e-04,  5.0369e-04,  5.4015e-04,  4.8476e-04,
         2.6830e-04, -3.3325e-05, -1.9651e-04, -1.3736e-04,  6.5913e-05,
         1.8734e-04,  2.9450e-05, -2.6848e-04, -3.8721e-04, -2.0553e-04,
         6.4835e-05,  1.5961e-04,  1.8571e-04,  1.9276e-04,  1.7470e-04,
         1.7347e-04,  1.4336e-04,  1.0028e-04,  7.1548e-05,  2.6157e-05,
        -5.2691e-05,  1.1812e-05,  7.3597e-05,  1.9337e-04,  3.7354e-04,
         4.9767e-04,  5.3454e-04,  4.8429e-04,  2.4641e-04, -4.0248e-05,
        -1.9595e-04, -1.3855e-04,  4.3344e-05,  1.1678e-04, -4.0846e-05,
        -2.4919e-04, -3.1076e-04, -1.3173e-04,  8.6498e-05,  1.5855e-04,
         1.8607e-04,  2.2607e-04,  2.2675e-04,  2.1435e-04,  1.8779e-04,
         1.4099e-04,  5.9864e-05,  2.2689e-05,  8.6352e-06,  2.3568e-05,
         9.0756e-05,  2.2635e-04,  3.8967e-04,  4.8936e-04,  4.9920e-04,
         4.4890e-04,  2.7497e-04,  7.2736e-05, -9.1810e-05, -6.6769e-05,
         2.3560e-05,  1.4640e-05, -1.1521e-04, -2.3519e-04, -2.3885e-04,
        -5.6927e-05,  8.1331e-05,  1.6553e-04,  2.0638e-04,  2.7163e-04,
         2.8733e-04,  2.4937e-04,  2.1454e-04,  1.5730e-04,  6.7353e-05,
         1.8016e-05,  0.0000e+00,  2.3007e-05,  9.7390e-05,  2.3783e-04,
         3.8647e-04,  4.8294e-04,  4.8382e-04,  4.4697e-04,  3.7569e-04,
         2.5176e-04,  1.1859e-04,  5.0183e-05,  1.7263e-05, -8.0861e-05,
        -1.6090e-04, -2.1269e-04, -1.3099e-04,  1.8470e-05,  1.2280e-04,
         1.8838e-04,  2.5852e-04,  3.0693e-04,  2.8339e-04,  2.5868e-04,
         2.0856e-04,  1.3385e-04,  6.0592e-05,  1.2383e-05,  8.7153e-06,
         2.1528e-05,  9.4209e-05,  2.2241e-04,  3.6058e-04,  4.3888e-04,
         4.6661e-04,  4.5153e-04,  4.3568e-04,  3.8239e-04,  2.9932e-04,
         1.6852e-04,  2.3809e-05, -7.4317e-05, -1.0700e-04, -1.0534e-04,
        -2.5317e-05,  7.0173e-05,  1.3909e-04,  2.0530e-04,  2.4126e-04,
         2.5944e-04,  2.2985e-04,  2.2350e-04,  1.7031e-04,  1.0004e-04,
         4.5804e-05,  8.7293e-06,  8.7135e-06,  1.2841e-05,  7.6531e-05,
         1.7879e-04,  2.9360e-04,  3.6983e-04,  4.0374e-04,  4.2494e-04,
         4.0919e-04,  3.7507e-04,  2.9593e-04,  1.7369e-04,  5.2579e-05,
        -3.0901e-06, -8.0280e-06,  1.0973e-06,  4.1282e-05,  5.3035e-05,
         1.0063e-04,  1.3245e-04,  1.5416e-04,  1.7536e-04,  1.7422e-04,
         1.6099e-04,  1.2643e-04,  7.5114e-05,  2.8005e-05,  8.7563e-06,
         0.0000e+00,  8.6930e-06,  5.0690e-05,  1.1556e-04,  1.8444e-04,
         2.3620e-04,  2.4008e-04,  2.2538e-04,  1.8867e-04,  1.3767e-04,
         4.6149e-05, -5.2756e-05, -1.3085e-04, -1.4773e-04, -1.2462e-04,
        -8.0176e-05, -6.9991e-05, -5.7075e-05, -1.5695e-05,  2.4356e-05,
         5.5274e-05,  5.5648e-05,  7.7808e-05,  8.5538e-05,  5.6515e-05,
         4.7259e-05,  2.2406e-05,  0.0000e+00,  0.0000e+00,  0.0000e+00,
         2.2270e-05,  6.5311e-05,  9.0810e-05,  6.7499e-05,  1.2074e-05,
        -9.9869e-05, -2.0620e-04, -2.9258e-04, -3.9329e-04, -4.6212e-04,
        -4.8901e-04, -4.6286e-04, -3.5852e-04, -2.7883e-04, -2.3712e-04,
        -1.7955e-04, -1.1695e-04, -6.3354e-05, -5.8047e-05, -5.5159e-05,
        -3.2553e-05, -5.3603e-05, -1.8572e-05,  2.4555e-05,  1.0204e-05,
         0.0000e+00,  0.0000e+00,  0.0000e+00,  5.3216e-06,  2.2561e-05,
         3.0246e-05, -4.3415e-05, -1.4149e-04, -2.6354e-04, -3.6137e-04,
        -4.7927e-04, -5.4706e-04, -6.1385e-04, -6.4007e-04, -5.9218e-04,
        -4.7595e-04, -3.7881e-04, -3.2871e-04, -2.8181e-04, -1.9373e-04,
        -1.0916e-04, -1.0660e-04, -1.5195e-04, -1.0544e-04, -1.1747e-04,
        -8.0699e-05,  1.4703e-05,  8.7656e-06,  0.0000e+00,  0.0000e+00,
         0.0000e+00,  0.0000e+00,  8.7274e-06, -6.5619e-05, -4.2887e-05,
        -8.1129e-05, -1.7963e-04, -2.8494e-04, -3.5837e-04, -4.1339e-04,
        -5.0470e-04, -5.3369e-04, -4.6092e-04, -3.5327e-04, -2.5332e-04,
        -2.0339e-04, -1.7225e-04, -1.4360e-04, -6.4068e-05, -5.2188e-05,
        -7.6951e-05, -8.2152e-05, -5.9023e-05,  4.7553e-06,  8.7488e-06,
         0.0000e+00,  0.0000e+00,  0.0000e+00,  0.0000e+00,  0.0000e+00,
         0.0000e+00,  1.2433e-05,  1.9478e-05, -5.9737e-05, -6.2795e-05,
        -8.3610e-05, -9.6173e-05, -1.0901e-04, -5.8644e-05, -1.0864e-04,
        -1.3988e-04, -1.1946e-04, -8.7421e-05, -9.8618e-06, -1.5858e-05,
        -2.8071e-05, -8.0178e-06,  3.6657e-06,  2.8126e-06, -1.3140e-05,
         1.2383e-05,  0.0000e+00,  0.0000e+00,  0.0000e+00,  0.0000e+00,
         0.0000e+00,  0.0000e+00,  0.0000e+00,  0.0000e+00,  0.0000e+00,
         0.0000e+00,  0.0000e+00,  0.0000e+00,  0.0000e+00,  0.0000e+00,
         0.0000e+00,  0.0000e+00, -8.3912e-06, -1.0946e-05, -7.7620e-06,
        -7.5493e-06,  0.0000e+00,  0.0000e+00,  0.0000e+00,  0.0000e+00,
         0.0000e+00,  0.0000e+00,  0.0000e+00,  0.0000e+00,  0.0000e+00,
         0.0000e+00,  0.0000e+00,  0.0000e+00,  0.0000e+00,  0.0000e+00,
         0.0000e+00,  0.0000e+00, -7.6443e-06, -2.4781e-05, -6.2125e-05,
        -5.9787e-05, -6.2292e-05, -1.1580e-04, -1.1898e-04, -1.0736e-04,
        -1.4249e-04, -2.4051e-04, -2.9440e-04, -2.7095e-04, -2.0897e-04,
        -1.7736e-04, -1.0621e-04, -7.0367e-05, -6.1841e-05, -2.1301e-05,
        -1.5833e-05, -8.3279e-06,  0.0000e+00,  0.0000e+00,  0.0000e+00,
         0.0000e+00,  0.0000e+00,  0.0000e+00, -7.7395e-06, -1.0185e-05,
        -1.6202e-05, -3.2710e-05, -9.0834e-05, -1.4287e-04, -2.0434e-04,
        -2.9495e-04, -3.7104e-04, -4.7071e-04, -6.3404e-04, -7.2652e-04,
        -8.4096e-04, -9.0482e-04, -9.3681e-04, -8.8441e-04, -7.7808e-04,
        -6.1201e-04, -4.3014e-04, -3.0384e-04, -2.1163e-04, -1.5958e-04,
        -5.6269e-05, -1.4893e-05,  0.0000e+00,  0.0000e+00,  0.0000e+00,
         0.0000e+00, -1.0202e-05, -1.6859e-05, -3.3779e-05, -6.6005e-05,
        -1.1559e-04, -1.9213e-04, -3.0544e-04, -3.9401e-04, -5.3067e-04,
        -6.8836e-04, -8.4603e-04, -9.4868e-04, -1.0683e-03, -1.1097e-03,
        -1.1179e-03, -1.0157e-03, -9.0841e-04, -7.3008e-04, -4.5733e-04,
        -1.7399e-04,  7.1071e-05,  5.9434e-05,  9.4302e-05, -6.4770e-05,
        -1.2330e-05,  0.0000e+00,  0.0000e+00, -7.7188e-06, -1.4754e-05,
        -6.3648e-05, -8.0572e-05, -1.0768e-04, -1.2522e-04, -2.0073e-04,
        -2.6723e-04, -2.5367e-04, -3.2790e-04, -3.4277e-04, -4.8031e-04,
        -6.2969e-04, -6.7253e-04, -6.3301e-04, -5.3742e-04, -4.0046e-04,
        -9.0284e-05,  2.4192e-04,  7.3657e-04,  1.2814e-03,  1.7732e-03,
         1.8010e-03,  1.1230e-03,  4.8504e-04,  4.0544e-05, -1.0951e-05,
         0.0000e+00, -7.6871e-06, -3.7763e-05, -6.3295e-05, -1.2817e-04,
        -1.6857e-04, -1.6467e-04, -1.8287e-04, -1.0582e-04, -2.2825e-05,
         5.8692e-05,  6.6358e-05,  3.8492e-05, -5.9223e-06,  6.5754e-06,
         1.1730e-04,  2.6381e-04,  6.0520e-04,  1.0638e-03,  1.7167e-03,
         2.3192e-03,  2.6700e-03,  3.0429e-03,  3.2244e-03,  2.7824e-03,
         1.5863e-03,  5.3810e-04, -1.5598e-05,  0.0000e+00, -1.0267e-05,
        -5.6767e-05, -1.0221e-04, -1.6558e-04, -2.1311e-04, -1.8910e-04,
        -1.8615e-04, -1.0775e-04,  8.6650e-05,  2.8710e-04,  4.4862e-04,
         4.5156e-04,  3.7802e-04,  3.9298e-04,  3.8238e-04,  5.6766e-04,
         9.9502e-04,  1.4690e-03,  1.9991e-03,  2.5338e-03,  3.0179e-03,
         3.5833e-03,  3.9381e-03,  3.7444e-03,  2.4327e-03,  9.0767e-04,
         4.2426e-04, -7.7434e-05, -6.2589e-05, -1.4482e-04, -2.8771e-04,
        -3.7799e-04, -3.6835e-04, -3.6117e-04, -3.9306e-04, -3.3103e-04,
        -4.1969e-05,  1.4357e-04,  3.7475e-04,  2.9725e-04,  2.0312e-04,
         3.9428e-05, -2.4226e-05,  1.2462e-04,  3.3666e-04,  6.8139e-04,
         1.1400e-03,  1.7037e-03,  2.3705e-03,  2.9610e-03,  3.7560e-03,
         4.0475e-03,  3.1049e-03,  1.2086e-03,  3.5227e-04, -7.7010e-05,
        -8.5607e-05, -2.8497e-04, -4.8791e-04, -5.8118e-04, -5.7312e-04,
        -6.2909e-04, -6.5793e-04, -4.7615e-04, -3.2698e-04, -1.2860e-04,
         6.2371e-05, -1.5374e-05, -1.5507e-04, -1.4042e-04, -1.5537e-04,
        -3.2099e-04, -4.5672e-04, -5.0411e-04, -2.6794e-04,  3.1676e-04,
         1.0494e-03,  1.8894e-03,  2.8949e-03,  3.5667e-03,  2.9065e-03,
         9.5060e-04,  8.7474e-05, -2.3020e-05, -1.2226e-04, -3.1775e-04,
        -5.7023e-04, -6.9649e-04, -6.9156e-04, -7.2187e-04, -6.9020e-04,
        -4.9259e-04, -3.6664e-04, -5.3700e-05,  2.4805e-04,  1.8305e-04,
         1.0887e-04,  4.9580e-05, -2.2328e-04, -6.8792e-04, -1.2873e-03,
        -1.6192e-03, -1.4693e-03, -8.8455e-04, -1.2277e-04,  7.6872e-04,
         1.6445e-03,  2.5303e-03,  2.5486e-03,  6.9209e-04, -6.6683e-07,
        -1.4473e-05, -1.3973e-04, -3.3401e-04, -5.6749e-04, -7.0791e-04,
        -6.4421e-04, -6.3101e-04, -5.0623e-04, -2.6589e-04,  1.4065e-04,
         5.5945e-04,  9.2565e-04,  8.8491e-04,  8.4347e-04,  5.1621e-04,
        -1.2989e-04, -1.0974e-03, -2.1399e-03, -2.7346e-03, -2.6150e-03,
        -1.9162e-03, -1.1683e-03, -4.2641e-04,  3.0513e-04,  1.1164e-03,
         1.6307e-03,  5.8337e-04,  1.8952e-05, -1.4599e-05, -1.0693e-04,
        -3.0169e-04, -5.2568e-04, -5.7263e-04, -5.5099e-04, -3.9921e-04,
        -2.6489e-04,  1.3721e-04,  7.6519e-04,  1.4386e-03,  1.8739e-03,
         1.8748e-03,  1.6071e-03,  8.3662e-04, -2.1037e-04, -1.4858e-03,
        -2.7597e-03, -3.3078e-03, -2.9944e-03, -2.3209e-03, -1.5698e-03,
        -9.6785e-04, -4.3989e-04,  2.8849e-05,  4.5390e-04,  2.6107e-04,
        -1.9684e-05, -1.8395e-05, -8.0561e-05, -2.4969e-04, -3.9924e-04,
        -3.7429e-04, -4.1092e-04, -1.8729e-04,  5.6462e-05,  5.0485e-04,
         1.3164e-03,  2.2383e-03,  2.6932e-03,  2.7102e-03,  2.0480e-03,
         1.0604e-03, -1.2326e-04, -1.6357e-03, -2.7579e-03, -2.9848e-03,
        -2.6480e-03, -2.0246e-03, -1.4822e-03, -1.0173e-03, -6.6922e-04,
        -4.2003e-04, -2.5665e-05,  1.4052e-04, -1.8868e-05, -7.7076e-06,
        -1.1034e-04, -2.2009e-04, -3.0558e-04, -2.7462e-04, -3.2209e-04,
        -2.0549e-04, -9.5461e-06,  4.8316e-04,  1.4677e-03,  2.3976e-03,
         2.7855e-03,  2.5387e-03,  1.7841e-03,  7.3831e-04, -5.3218e-04,
        -1.7436e-03, -2.3104e-03, -2.1998e-03, -1.7705e-03, -1.4147e-03,
        -1.1615e-03, -8.9409e-04, -6.5420e-04, -4.8313e-04, -2.1542e-04,
        -1.6717e-05, -1.4085e-05, -7.7542e-06, -9.7785e-05, -1.4201e-04,
        -2.4768e-04, -2.3576e-04, -3.7222e-04, -4.2071e-04, -4.4167e-04,
        -4.1307e-05,  7.4294e-04,  1.4868e-03,  1.7330e-03,  1.3603e-03,
         5.2946e-04, -2.9743e-04, -1.2884e-03, -1.8831e-03, -1.8246e-03,
        -1.3235e-03, -8.2924e-04, -7.5009e-04, -8.4236e-04, -7.7352e-04,
        -6.3906e-04, -4.3393e-04, -2.7189e-04, -6.4194e-05, -1.3251e-05,
        -9.0171e-06, -7.9665e-06, -5.5315e-05, -1.4061e-04, -2.7491e-04,
        -4.8439e-04, -6.6599e-04, -8.8207e-04, -7.8702e-04, -4.7081e-04,
        -1.8623e-04, -1.1044e-04, -4.6444e-04, -1.0955e-03, -1.4743e-03,
        -1.9016e-03, -1.8120e-03, -1.2866e-03, -4.9623e-04, -5.9390e-05,
        -2.1554e-04, -5.3390e-04, -5.7024e-04, -5.6145e-04, -3.5433e-04,
        -2.7294e-04, -6.1291e-05, -1.8627e-05, -7.7207e-06, -1.4518e-05,
        -5.0273e-05, -9.8472e-05, -2.3482e-04, -4.3964e-04, -6.3997e-04,
        -1.0229e-03, -1.4293e-03, -1.5266e-03, -1.5900e-03, -1.7671e-03,
        -1.9858e-03, -2.0986e-03, -2.2016e-03, -2.0193e-03, -1.4771e-03,
        -7.0065e-04,  6.4604e-05,  4.0629e-04,  1.3157e-04, -2.8599e-04,
        -4.0564e-04, -3.7490e-04, -2.6070e-04, -2.7420e-04, -7.9742e-05,
        -2.0319e-05,  0.0000e+00, -1.8373e-05, -5.7101e-05, -7.5081e-05,
        -1.3884e-04, -7.5810e-07, -7.3221e-05, -6.8010e-04, -1.4148e-03,
        -1.9495e-03, -2.2651e-03, -2.4325e-03, -2.4135e-03, -2.3790e-03,
        -2.4520e-03, -2.0610e-03, -1.2672e-03, -2.2153e-04,  4.6174e-04,
         6.4059e-04,  3.3545e-04, -1.8442e-05, -1.6209e-04, -1.3192e-04,
        -1.4593e-04, -2.5823e-04, -8.0878e-05, -2.3130e-05, -3.5213e-05,
        -1.5114e-05, -7.4394e-05, -5.7435e-05,  6.0387e-06,  5.8866e-04,
         6.9414e-04,  1.1688e-04, -7.9915e-04, -1.7036e-03, -2.3073e-03,
        -2.4166e-03, -2.3255e-03, -2.2916e-03, -2.2386e-03, -1.8616e-03,
        -1.0135e-03, -7.1736e-05,  5.2878e-04,  6.6297e-04,  5.2772e-04,
         1.9388e-04,  7.3723e-05,  4.2097e-05, -6.7683e-05, -2.2054e-04,
        -7.6648e-05, -2.0064e-05, -7.6368e-06, -2.0841e-05, -8.0256e-05,
        -8.9403e-05,  1.8590e-04,  9.0974e-04,  1.5590e-03,  1.2751e-03,
         3.4491e-04, -7.6114e-04, -1.4708e-03, -1.8163e-03, -1.9651e-03,
        -1.9574e-03, -1.8826e-03, -1.5000e-03, -7.6460e-04,  2.7515e-05,
         6.3153e-04,  7.9205e-04,  7.2799e-04,  4.6143e-04,  2.7233e-04,
         1.3900e-04, -4.4218e-05, -1.7755e-04, -5.9561e-05, -1.5929e-05,
         0.0000e+00, -2.0346e-05, -9.0372e-05, -8.9168e-05,  2.0408e-04,
         9.4921e-04,  1.8394e-03,  2.0018e-03,  1.5651e-03,  7.5952e-04,
        -7.5631e-05, -6.9214e-04, -1.1220e-03, -1.3666e-03, -1.3258e-03,
        -8.8294e-04, -1.7378e-04,  5.9752e-04,  1.1389e-03,  1.1577e-03,
         8.8786e-04,  5.5189e-04,  4.0202e-04,  1.4465e-04, -1.0364e-04,
        -1.4936e-04, -5.3581e-05, -1.0950e-05, -7.7076e-06, -1.9038e-05,
        -8.3311e-05, -1.2124e-04,  9.1517e-05,  8.2348e-04,  1.5899e-03,
         2.2323e-03,  2.4105e-03,  2.0142e-03,  1.4350e-03,  6.8263e-04,
        -4.3716e-06, -4.1892e-04, -2.8287e-04,  2.4452e-04,  9.1027e-04,
         1.3735e-03,  1.5280e-03,  1.2579e-03,  8.7524e-04,  6.1164e-04,
         3.8899e-04,  5.2758e-05, -7.4349e-05, -1.1204e-04, -4.0505e-05,
        -7.7191e-06, -7.7058e-06, -1.1357e-05, -6.7677e-05, -1.2598e-04,
        -8.8921e-05,  2.8283e-04,  9.5582e-04,  1.5761e-03,  2.0410e-03,
         2.2608e-03,  2.1435e-03,  1.7419e-03,  1.3002e-03,  1.1477e-03,
         1.2037e-03,  1.4870e-03,  1.6263e-03,  1.6479e-03,  1.4372e-03,
         1.0938e-03,  6.8646e-04,  3.1025e-04,  1.1940e-04, -6.6351e-05,
        -6.9829e-05, -8.3625e-05, -2.4766e-05, -7.7430e-06,  0.0000e+00,
        -7.6871e-06, -4.4826e-05, -7.2809e-05, -4.1834e-05,  1.8977e-05,
         4.3693e-04,  8.8064e-04,  1.1824e-03,  1.3891e-03,  1.5446e-03,
         1.4900e-03,  1.3984e-03,  1.3481e-03,  1.4155e-03,  1.3734e-03,
         1.2189e-03,  1.0007e-03,  7.2344e-04,  3.6728e-04,  5.3620e-05,
        -6.7562e-05, -1.1947e-04, -8.4892e-05,  4.8652e-06, -4.1792e-05,
        -1.9813e-05,  0.0000e+00,  0.0000e+00,  0.0000e+00, -1.9694e-05,
        -5.7755e-05, -3.8785e-05, -8.4873e-05,  9.8161e-06,  3.0441e-04,
         4.3020e-04,  4.1751e-04,  3.5140e-04,  3.5141e-04,  3.7039e-04,
         3.7186e-04,  3.5270e-04,  1.4101e-04, -8.4415e-05, -2.2939e-04,
        -3.6190e-04, -4.2866e-04, -4.9915e-04, -3.4995e-04, -1.2798e-04,
        -4.2990e-05,  1.2465e-04, -2.1715e-05, -9.0245e-06,  0.0000e+00,
         0.0000e+00,  0.0000e+00, -1.8898e-05, -3.5629e-05, -9.5650e-05,
        -1.8599e-04, -2.8506e-04, -3.5307e-04, -4.3877e-04, -6.3809e-04,
        -7.6858e-04, -9.3020e-04, -1.0184e-03, -1.0609e-03, -1.0894e-03,
        -1.0534e-03, -9.8517e-04, -8.4388e-04, -7.3588e-04, -6.5943e-04,
        -4.9913e-04, -2.7881e-04, -7.0259e-06,  8.8494e-05,  3.1863e-04,
        -1.3002e-05, -7.7519e-06,  0.0000e+00,  0.0000e+00,  0.0000e+00,
         0.0000e+00, -7.7178e-06, -3.7179e-05, -8.0816e-05, -1.7755e-04,
        -3.2462e-04, -5.4383e-04, -7.8180e-04, -9.8886e-04, -1.1954e-03,
        -1.2724e-03, -1.2033e-03, -1.0331e-03, -8.6607e-04, -7.6185e-04,
        -6.8421e-04, -5.6935e-04, -4.1157e-04, -3.2100e-04, -2.1138e-04,
        -1.1806e-04, -9.0231e-05, -7.7402e-05, -7.7374e-06,  0.0000e+00,
         0.0000e+00,  0.0000e+00,  0.0000e+00,  0.0000e+00,  0.0000e+00,
        -1.0995e-05, -1.7224e-05, -3.4424e-05, -5.0388e-05, -8.4477e-05,
        -1.7847e-04, -3.0467e-04, -2.8597e-04, -3.3834e-04, -3.7002e-04,
        -3.6515e-04, -3.5643e-04, -2.7070e-04, -2.1916e-04, -1.6591e-04,
        -8.5719e-05, -6.4847e-05, -2.9542e-05, -2.6129e-05, -1.0950e-05,
         0.0000e+00,  0.0000e+00,  0.0000e+00,  0.0000e+00,  0.0000e+00,
         0.0000e+00,  0.0000e+00,  0.0000e+00,  0.0000e+00,  0.0000e+00,
         0.0000e+00,  0.0000e+00,  0.0000e+00,  0.0000e+00,  0.0000e+00,
         0.0000e+00, -1.0071e-05, -1.3139e-05, -9.3170e-06, -9.0614e-06,
         0.0000e+00,  0.0000e+00,  0.0000e+00,  0.0000e+00,  0.0000e+00,
         0.0000e+00,  0.0000e+00,  0.0000e+00,  0.0000e+00,  0.0000e+00,
         0.0000e+00,  0.0000e+00,  0.0000e+00,  0.0000e+00,  0.0000e+00,
         0.0000e+00, -9.1760e-06,  1.1561e-04,  4.2415e-04,  3.3620e-04,
         3.7887e-04,  9.0208e-04,  8.4907e-04,  1.0885e-03,  1.3789e-03,
         1.5561e-03,  1.7151e-03,  1.4641e-03,  1.2291e-03,  9.4495e-04,
         4.2095e-04,  3.2747e-04,  2.8066e-04, -2.0699e-05, -1.9004e-05,
        -9.9957e-06,  0.0000e+00,  0.0000e+00,  0.0000e+00,  0.0000e+00,
         0.0000e+00,  0.0000e+00, -9.2890e-06, -1.2226e-05, -1.9446e-05,
         8.0206e-05,  3.9669e-04,  7.2684e-04,  1.4344e-03,  1.6401e-03,
         2.0635e-03,  2.7488e-03,  3.5094e-03,  3.6463e-03,  4.4263e-03,
         5.1754e-03,  5.4942e-03,  5.0122e-03,  4.3883e-03,  3.5064e-03,
         2.5622e-03,  1.6477e-03,  1.2401e-03,  1.2098e-03,  2.4882e-04,
        -1.7874e-05,  0.0000e+00,  0.0000e+00,  0.0000e+00,  0.0000e+00,
        -1.2244e-05, -2.0235e-05,  2.4620e-04,  2.4604e-04,  2.5208e-04,
         6.8649e-04,  1.2399e-03,  1.5331e-03,  2.3102e-03,  2.9818e-03,
         3.5612e-03,  4.1198e-03,  5.2838e-03,  6.0926e-03,  6.3404e-03,
         6.0956e-03,  5.7974e-03,  4.8736e-03,  4.0528e-03,  2.9567e-03,
         1.9107e-03,  1.3691e-03,  9.0019e-04,  2.9099e-04, -1.4797e-05,
         0.0000e+00,  0.0000e+00, -9.2629e-06, -1.7710e-05, -4.1278e-05,
         1.1091e-04,  4.2442e-05,  1.2276e-04,  3.9001e-04,  5.8642e-04,
         1.0358e-03,  1.4394e-03,  1.7516e-03,  2.1381e-03,  2.6742e-03,
         3.3849e-03,  3.7104e-03,  3.7606e-03,  3.6013e-03,  3.0921e-03,
         2.4389e-03,  1.7701e-03,  1.2455e-03,  7.3253e-04,  3.9522e-04,
         3.7204e-04,  1.4556e-04, -6.3770e-05, -1.3143e-05,  0.0000e+00,
        -9.2259e-06,  4.2673e-05, -5.6710e-05, -3.0538e-06, -1.7332e-04,
        -1.5650e-04, -9.1232e-05,  9.6358e-05,  4.4815e-04,  5.4504e-04,
         7.9541e-04,  1.1901e-03,  1.5420e-03,  1.8004e-03,  1.6139e-03,
         1.4085e-03,  9.6533e-04,  3.2088e-04, -2.3031e-04, -4.6730e-04,
        -5.0612e-04, -5.7369e-04, -5.8739e-04, -4.3895e-04, -4.0215e-04,
        -2.9809e-04, -1.8721e-05,  0.0000e+00, -1.2323e-05, -6.1266e-05,
        -1.1608e-04, -1.8701e-04, -3.1512e-04, -4.3663e-04, -4.0059e-04,
        -2.7895e-04, -1.5111e-04, -1.2435e-04,  1.3107e-04,  4.3737e-04,
         5.4118e-04,  3.3136e-04, -1.3591e-04, -8.2668e-04, -1.5869e-03,
        -2.0640e-03, -2.0912e-03, -1.8691e-03, -1.5820e-03, -1.3613e-03,
        -1.2266e-03, -9.8512e-04, -6.6974e-04, -3.6266e-04, -8.3639e-05,
        -9.9428e-06, -3.2515e-05, -1.4617e-04, -2.6252e-04, -3.8114e-04,
        -6.4000e-04, -8.2312e-04, -8.2896e-04, -7.5298e-04, -7.6472e-04,
        -7.7500e-04, -5.3113e-04, -3.1113e-04, -3.7229e-04, -7.3205e-04,
        -1.6306e-03, -2.8063e-03, -3.5709e-03, -3.7755e-03, -3.4541e-03,
        -2.8636e-03, -2.2554e-03, -1.7988e-03, -1.5061e-03, -1.2132e-03,
        -8.0640e-04, -3.5270e-04, -6.9108e-05, -1.2113e-05, -5.2502e-05,
        -2.8442e-04, -4.3866e-04, -6.0989e-04, -9.2011e-04, -1.1334e-03,
        -1.1874e-03, -1.1553e-03, -1.2104e-03, -1.1895e-03, -8.5649e-04,
        -4.3497e-04, -4.2184e-04, -9.9414e-04, -2.2396e-03, -3.4671e-03,
        -4.2587e-03, -4.4294e-03, -3.9846e-03, -3.2124e-03, -2.5147e-03,
        -1.9240e-03, -1.5168e-03, -1.2061e-03, -7.9676e-04, -3.2610e-04,
        -6.3160e-05, -1.7140e-05, -7.3163e-05, -3.2768e-04, -5.3519e-04,
        -7.5227e-04, -1.0937e-03, -1.2017e-03, -1.2634e-03, -1.2358e-03,
        -1.3467e-03, -1.0767e-03, -3.5514e-04,  3.5423e-04,  3.4041e-04,
        -6.7459e-04, -2.0875e-03, -3.3261e-03, -4.0812e-03, -4.2503e-03,
        -3.8386e-03, -3.0336e-03, -2.2377e-03, -1.6480e-03, -1.2571e-03,
        -1.0114e-03, -7.2612e-04, -3.1119e-04, -8.3805e-05, -1.7367e-05,
        -7.9520e-05, -3.4804e-04, -5.5201e-04, -8.0000e-04, -1.0723e-03,
        -1.0986e-03, -1.1258e-03, -1.0649e-03, -1.0161e-03, -2.9002e-04,
         8.2799e-04,  1.4852e-03,  9.3476e-04, -5.2477e-04, -1.9301e-03,
        -2.9472e-03, -3.5354e-03, -3.6574e-03, -3.1771e-03, -2.3388e-03,
        -1.5869e-03, -9.6057e-04, -6.0948e-04, -4.3996e-04, -5.4791e-04,
        -2.7486e-04, -6.2823e-05, -1.7522e-05, -8.9637e-05, -3.1297e-04,
        -5.2852e-04, -7.5107e-04, -8.8421e-04, -8.6154e-04, -8.1823e-04,
        -7.5646e-04, -3.5694e-04,  7.8553e-04,  1.8402e-03,  1.9752e-03,
         7.6565e-04, -8.4944e-04, -1.8277e-03, -2.3804e-03, -2.7286e-03,
        -2.5852e-03, -1.9070e-03, -1.0662e-03, -4.4165e-04, -4.8369e-05,
         1.8976e-04,  2.8712e-04,  9.0171e-05, -1.5422e-04, -2.3626e-05,
        -1.9563e-05, -7.1562e-05, -2.4954e-04, -4.2194e-04, -6.5479e-04,
        -6.6443e-04, -5.5925e-04, -4.9452e-04, -2.0821e-04,  5.4838e-04,
         1.7332e-03,  2.3280e-03,  1.5305e-03, -6.3859e-05, -1.2037e-03,
        -1.5681e-03, -1.5983e-03, -1.4974e-03, -9.5971e-04,  4.8757e-05,
         8.9401e-04,  1.1324e-03,  1.0117e-03,  9.5747e-04,  8.8448e-04,
         6.5735e-04, -8.7742e-05, -2.2646e-05, -9.2508e-06, -4.7203e-05,
        -2.1494e-04, -3.4500e-04, -5.7925e-04, -4.8573e-04, -3.5044e-04,
        -9.1186e-05,  5.8571e-04,  1.5227e-03,  2.4242e-03,  2.1939e-03,
         5.6945e-04, -8.7490e-04, -1.0189e-03, -7.6699e-04, -5.0986e-04,
        -1.3142e-04,  5.7375e-04,  1.7108e-03,  2.5988e-03,  2.6750e-03,
         2.0331e-03,  1.6162e-03,  1.2196e-03,  6.8710e-04, -7.0374e-05,
        -1.6905e-05, -9.3059e-06, -2.0019e-05, -1.4299e-04, -2.8829e-04,
        -5.3668e-04, -3.7792e-04, -1.2233e-04,  4.5555e-04,  1.4422e-03,
         2.4473e-03,  2.8690e-03,  1.8127e-03,  9.0338e-07, -8.9244e-04,
        -4.5644e-04,  1.1725e-04,  4.1683e-04,  5.5802e-04,  1.2914e-03,
         2.5507e-03,  3.5667e-03,  3.5367e-03,  2.8052e-03,  2.2004e-03,
         1.4853e-03,  7.7128e-04, -4.5950e-05, -1.5907e-05, -1.0823e-05,
        -9.5591e-06, -6.5803e-05, -2.2818e-04, -4.4254e-04, -2.7672e-04,
         1.9212e-04,  9.9766e-04,  2.2609e-03,  3.2063e-03,  3.1723e-03,
         1.7360e-03,  1.3622e-04, -1.3826e-04,  5.1943e-04,  5.8297e-04,
         1.0123e-04, -5.3391e-05,  1.0475e-03,  2.6174e-03,  3.7494e-03,
         3.9320e-03,  3.1198e-03,  2.3996e-03,  1.4911e-03,  8.5185e-04,
        -4.8741e-05, -2.2355e-05, -9.2648e-06, -1.7425e-05, -6.1769e-05,
        -1.9568e-04, -3.8352e-04, -1.9490e-04,  4.0718e-04,  1.4743e-03,
         2.9653e-03,  3.9991e-03,  3.5829e-03,  2.1766e-03,  9.1946e-04,
         8.4522e-04,  9.0679e-04, -1.0356e-06, -1.0363e-03, -7.2882e-04,
         1.0134e-03,  2.8292e-03,  3.7741e-03,  3.7973e-03,  3.1001e-03,
         2.2200e-03,  1.2850e-03,  7.8884e-04,  7.3165e-06, -2.4388e-05,
         0.0000e+00, -5.8675e-05, -7.0440e-05, -1.9953e-04, -3.5939e-04,
        -2.5968e-04,  3.6948e-04,  1.5360e-03,  3.2737e-03,  4.5636e-03,
         4.3853e-03,  3.2472e-03,  1.9995e-03,  1.4725e-03,  7.3331e-04,
        -6.3136e-04, -1.2386e-03, -2.9234e-04,  1.8183e-03,  3.3190e-03,
         3.7852e-03,  3.4419e-03,  2.6678e-03,  1.7002e-03,  9.6387e-04,
         5.4996e-04, -1.3284e-05, -2.7764e-05, -8.8769e-05, -3.8093e-05,
        -9.2034e-05, -2.4065e-04, -4.1937e-04, -4.4406e-04,  1.6352e-05,
         1.0639e-03,  2.8803e-03,  4.5873e-03,  5.1958e-03,  4.5689e-03,
         3.4095e-03,  2.1292e-03,  8.6084e-04,  6.2343e-06,  2.7455e-04,
         1.6987e-03,  3.0895e-03,  3.6446e-03,  3.3711e-03,  2.6746e-03,
         1.8161e-03,  9.8990e-04,  4.2841e-04,  1.6212e-04,  3.3922e-05,
        -2.4082e-05, -9.1661e-06, -2.5015e-05, -9.6329e-05, -2.6654e-04,
        -4.9249e-04, -6.6694e-04, -5.4145e-04,  1.2217e-04,  1.7197e-03,
         3.6495e-03,  5.1637e-03,  5.3119e-03,  4.5564e-03,  3.1531e-03,
         1.9786e-03,  1.8331e-03,  2.4868e-03,  3.3372e-03,  3.5986e-03,
         3.1086e-03,  2.3830e-03,  1.4878e-03,  7.0112e-04,  2.6627e-04,
        -9.6038e-06, -1.2258e-04, -7.1488e-05, -1.9120e-05,  0.0000e+00,
        -2.4421e-05, -1.0797e-04, -2.8013e-04, -5.1592e-04, -8.6584e-04,
        -1.0618e-03, -7.9754e-04,  1.0091e-04,  1.6364e-03,  3.4415e-03,
         4.5579e-03,  4.5798e-03,  3.8348e-03,  3.2742e-03,  3.1836e-03,
         3.1625e-03,  2.9623e-03,  2.2982e-03,  1.4970e-03,  7.9118e-04,
         2.3677e-04, -1.1116e-04, -1.8293e-04, -1.8812e-04, -1.5868e-04,
        -6.4312e-05, -1.3142e-05, -9.2513e-06, -2.2851e-05, -9.9994e-05,
        -2.5353e-04, -5.0608e-04, -9.1513e-04, -1.3222e-03, -1.5272e-03,
        -1.3747e-03, -7.0720e-04,  4.7830e-04,  1.6966e-03,  2.4374e-03,
         2.4668e-03,  2.1362e-03,  1.7435e-03,  1.2169e-03,  6.0851e-04,
         9.4332e-05, -2.9359e-04, -5.0716e-04, -5.8073e-04, -5.0113e-04,
        -3.7846e-04, -2.2804e-04, -1.2444e-04, -4.8617e-05, -9.2648e-06,
        -9.2480e-06, -1.3631e-05, -8.1230e-05, -1.9756e-04, -4.0288e-04,
        -7.7848e-04, -1.2862e-03, -1.7699e-03, -2.2259e-03, -2.5270e-03,
        -2.5557e-03, -2.4612e-03, -2.2834e-03, -2.1270e-03, -2.0459e-03,
        -1.9664e-03, -1.8751e-03, -1.7165e-03, -1.4833e-03, -1.2017e-03,
        -1.0005e-03, -7.5760e-04, -5.6123e-04, -3.6426e-04, -2.0655e-04,
        -1.0047e-04, -2.9725e-05, -9.2936e-06,  0.0000e+00, -9.2257e-06,
        -5.3803e-05, -1.3031e-04, -2.9352e-04, -5.6700e-04, -9.9355e-04,
        -1.5131e-03, -2.0951e-03, -2.7323e-03, -3.3827e-03, -3.9156e-03,
        -4.2005e-03, -4.1113e-03, -3.7715e-03, -3.2573e-03, -2.7497e-03,
        -2.2391e-03, -1.6885e-03, -1.2341e-03, -9.0194e-04, -6.7413e-04,
        -4.4793e-04, -2.6159e-04, -1.4869e-04, -5.0162e-05, -2.3782e-05,
         0.0000e+00,  0.0000e+00,  0.0000e+00, -2.3638e-05, -6.9320e-05,
        -1.9658e-04, -4.0573e-04, -7.2484e-04, -1.1680e-03, -1.6653e-03,
        -2.1668e-03, -2.6744e-03, -3.0273e-03, -3.1793e-03, -3.1206e-03,
        -2.8709e-03, -2.5497e-03, -2.1770e-03, -1.7744e-03, -1.3496e-03,
        -9.6977e-04, -7.2821e-04, -5.2288e-04, -3.5964e-04, -2.5302e-04,
        -1.1694e-04, -2.6062e-05, -1.0831e-05,  0.0000e+00,  0.0000e+00,
         0.0000e+00, -8.1529e-05, -3.5841e-05, -1.3981e-04, -3.3068e-04,
        -5.7523e-04, -8.7982e-04, -1.2116e-03, -1.5902e-03, -1.8844e-03,
        -2.0510e-03, -2.0794e-03, -2.0136e-03, -1.8762e-03, -1.7186e-03,
        -1.5327e-03, -1.2912e-03, -9.7661e-04, -6.7975e-04, -4.9434e-04,
        -4.2610e-04, -3.0594e-04, -2.2439e-04, -1.1736e-04, -1.5605e-05,
        -9.3039e-06,  0.0000e+00,  0.0000e+00,  0.0000e+00,  0.0000e+00,
        -9.2629e-06, -1.5453e-04, -2.0058e-04, -3.2266e-04, -5.3255e-04,
        -7.8433e-04, -1.0108e-03, -1.1968e-03, -1.3184e-03, -1.3373e-03,
        -1.2806e-03, -1.2003e-03, -1.0659e-03, -9.1825e-04, -7.4706e-04,
        -5.7522e-04, -3.6273e-04, -2.4724e-04, -2.3664e-04, -2.0245e-04,
        -1.6166e-04, -5.8815e-05, -9.2871e-06,  0.0000e+00,  0.0000e+00,
         0.0000e+00,  0.0000e+00,  0.0000e+00,  0.0000e+00, -1.3197e-05,
        -2.0672e-05, -5.6555e-05, -9.4037e-05, -1.6114e-04, -2.5703e-04,
        -3.4328e-04, -2.8430e-04, -3.2369e-04, -3.8386e-04, -3.9980e-04,
        -3.9492e-04, -3.1331e-04, -2.5320e-04, -1.9497e-04, -9.2216e-05,
        -5.0498e-05, -4.6045e-05, -7.1751e-05, -1.3143e-05,  0.0000e+00,
         0.0000e+00,  0.0000e+00,  0.0000e+00,  0.0000e+00,  0.0000e+00,
         0.0000e+00,  0.0000e+00,  0.0000e+00,  0.0000e+00,  0.0000e+00,
         0.0000e+00,  0.0000e+00,  0.0000e+00,  0.0000e+00,  0.0000e+00,
        -1.0816e-05, -1.4108e-05, -1.0004e-05, -9.7305e-06,  0.0000e+00,
         0.0000e+00,  0.0000e+00,  0.0000e+00,  0.0000e+00,  0.0000e+00,
         0.0000e+00,  0.0000e+00,  0.0000e+00,  0.0000e+00,  0.0000e+00,
         0.0000e+00,  0.0000e+00,  0.0000e+00,  0.0000e+00,  0.0000e+00,
        -9.8543e-06, -2.9454e-05, -7.1540e-05, -7.0081e-05, -6.4882e-05,
        -1.3597e-04, -2.1265e-04, -2.2550e-04, -2.4595e-04, -2.6925e-04,
        -2.8638e-04, -2.6971e-04, -2.0105e-04, -1.8007e-04, -1.3094e-04,
        -1.3324e-04, -1.1608e-04, -2.7934e-05, -2.0409e-05, -1.0734e-05,
         0.0000e+00,  0.0000e+00,  0.0000e+00,  0.0000e+00,  0.0000e+00,
         0.0000e+00, -9.9763e-06, -1.3129e-05, -2.0884e-05, -4.0117e-05,
        -9.4544e-05, -1.5565e-04, -2.5327e-04, -3.4905e-04, -4.5836e-04,
        -5.8474e-04, -7.4646e-04, -8.1600e-04, -9.2761e-04, -1.0021e-03,
        -1.0069e-03, -9.4186e-04, -8.7248e-04, -7.3182e-04, -5.4603e-04,
        -3.4388e-04, -2.3937e-04, -2.0804e-04, -7.7879e-05, -1.9196e-05,
         0.0000e+00,  0.0000e+00,  0.0000e+00,  0.0000e+00, -1.3148e-05,
        -2.1731e-05, -6.0687e-05, -9.4327e-05, -1.2828e-04, -2.2568e-04,
        -3.6651e-04, -5.0998e-04, -6.9736e-04, -8.6466e-04, -1.0321e-03,
        -1.1853e-03, -1.3763e-03, -1.4839e-03, -1.5048e-03, -1.4522e-03,
        -1.3501e-03, -1.1483e-03, -9.4299e-04, -6.8161e-04, -4.7726e-04,
        -3.3008e-04, -2.1596e-04, -7.5681e-05, -1.5892e-05,  0.0000e+00,
         0.0000e+00, -9.9484e-06, -1.9019e-05,  2.5386e-04,  8.1620e-05,
        -9.7978e-05, -2.4809e-04, -3.8235e-04, -5.4479e-04, -7.9021e-04,
        -1.0405e-03, -1.3033e-03, -1.5899e-03, -1.9002e-03, -2.1734e-03,
        -2.3084e-03, -2.3149e-03, -2.1952e-03, -1.9403e-03, -1.6474e-03,
        -1.3629e-03, -1.1003e-03, -9.0947e-04, -7.1162e-04, -4.7586e-04,
        -2.5582e-04, -7.3932e-05, -1.4115e-05,  0.0000e+00, -9.9083e-06,
        -3.6728e-05,  1.0264e-04, -6.5897e-05, -9.7286e-05, -1.9512e-04,
        -4.2957e-04, -6.8248e-04, -1.0341e-03, -1.4391e-03, -1.9234e-03,
        -2.4442e-03, -2.9523e-03, -3.3612e-03, -3.5754e-03, -3.5636e-03,
        -3.3526e-03, -2.9531e-03, -2.4939e-03, -2.0781e-03, -1.6841e-03,
        -1.3894e-03, -1.1274e-03, -8.4685e-04, -5.5088e-04, -3.0836e-04,
        -2.0104e-05,  0.0000e+00, -1.3232e-05,  7.4749e-05,  5.4805e-05,
        -1.2200e-05,  2.2252e-04,  3.1224e-04, -2.8212e-05, -3.5526e-04,
        -7.4632e-04, -1.2183e-03, -1.8957e-03, -2.6157e-03, -3.3163e-03,
        -3.8054e-03, -4.0107e-03, -3.8644e-03, -3.4989e-03, -2.9988e-03,
        -2.5113e-03, -2.0718e-03, -1.7089e-03, -1.4650e-03, -1.2887e-03,
        -1.0713e-03, -7.2837e-04, -3.9279e-04, -1.6400e-04,  2.2100e-05,
        -7.9144e-06,  4.4344e-04,  1.0586e-03,  1.2467e-03,  1.5704e-03,
         1.7066e-03,  1.6292e-03,  1.4306e-03,  1.0436e-03,  5.0056e-04,
        -4.6302e-05, -6.4534e-04, -1.0429e-03, -1.1886e-03, -1.0384e-03,
        -7.4917e-04, -4.0252e-04, -2.7519e-04, -4.0604e-04, -6.5768e-04,
        -9.4076e-04, -1.0269e-03, -1.0925e-03, -1.0901e-03, -7.9852e-04,
        -3.7145e-04, -1.1599e-04,  1.8712e-05,  1.4655e-04,  1.3185e-03,
         2.2062e-03,  2.4994e-03,  3.0372e-03,  3.2895e-03,  3.3613e-03,
         3.1346e-03,  2.7678e-03,  2.4367e-03,  1.9831e-03,  1.7873e-03,
         1.9723e-03,  2.3159e-03,  2.6540e-03,  2.9085e-03,  2.9070e-03,
         2.5655e-03,  1.8373e-03,  9.1879e-04,  1.1078e-04, -4.7732e-04,
        -7.4711e-04, -8.9272e-04, -7.7378e-04, -3.2720e-04, -7.7892e-05,
        -1.4264e-05,  4.3097e-04,  1.5917e-03,  2.7780e-03,  3.3003e-03,
         3.7870e-03,  3.9410e-03,  3.9211e-03,  3.6862e-03,  3.2902e-03,
         2.7504e-03,  2.4183e-03,  2.4446e-03,  2.7681e-03,  3.2645e-03,
         3.6796e-03,  4.0477e-03,  4.1151e-03,  3.7552e-03,  2.9503e-03,
         1.7766e-03,  6.7642e-04, -8.3832e-05, -5.6524e-04, -8.1599e-04,
        -7.1292e-04, -3.0553e-04, -8.4048e-05, -1.8653e-05,  6.5295e-04,
         1.7515e-03,  2.7467e-03,  3.3033e-03,  3.4542e-03,  3.6775e-03,
         3.3293e-03,  2.6805e-03,  1.9701e-03,  1.2266e-03,  8.0536e-04,
         8.1806e-04,  1.2936e-03,  1.6323e-03,  1.9317e-03,  2.6680e-03,
         3.4607e-03,  3.6293e-03,  3.0344e-03,  1.8614e-03,  8.8161e-04,
         3.8145e-05, -5.2779e-04, -7.2598e-04, -5.8851e-04, -2.8045e-04,
        -7.3586e-05, -1.8817e-05,  6.5910e-04,  1.5163e-03,  2.4973e-03,
         2.5885e-03,  2.4770e-03,  2.4574e-03,  1.9732e-03,  1.1880e-03,
         2.6230e-04, -6.8862e-04, -1.1990e-03, -1.2681e-03, -9.2846e-04,
        -7.1587e-04, -3.0820e-04,  9.3072e-04,  2.4899e-03,  3.1794e-03,
         2.5527e-03,  1.5704e-03,  6.2234e-04, -1.3137e-04, -5.6600e-04,
        -5.9737e-04, -4.2102e-04, -1.7938e-04, -2.5371e-05,  3.5303e-04,
         5.3570e-04,  1.2813e-03,  1.5162e-03,  1.5367e-03,  1.4401e-03,
         1.0881e-03,  5.9595e-04, -2.7005e-04, -1.3906e-03, -2.4523e-03,
        -2.9750e-03, -3.0620e-03, -2.9004e-03, -2.6132e-03, -1.9386e-03,
        -5.0529e-05,  1.9037e-03,  2.5944e-03,  1.8988e-03,  9.2840e-04,
         4.1458e-05, -5.1979e-04, -6.9381e-04, -5.7950e-04, -3.1950e-04,
        -9.6289e-05, -2.4320e-05, -9.9351e-06,  3.3800e-04,  1.2114e-03,
         8.9558e-04,  8.2149e-04,  4.3377e-04,  1.2538e-04, -4.4945e-04,
        -1.3428e-03, -2.4087e-03, -3.3730e-03, -3.9132e-03, -4.0005e-03,
        -4.0277e-03, -3.7773e-03, -2.5857e-03, -4.4910e-05,  1.9173e-03,
         2.0900e-03,  1.2425e-03,  2.1008e-04, -5.9450e-04, -8.9938e-04,
        -8.5891e-04, -6.0936e-04, -1.9118e-04, -6.7679e-05, -1.8155e-05,
        -9.9938e-06,  2.1237e-04,  6.5094e-04,  5.0110e-04,  3.8365e-04,
        -3.2036e-05, -5.0561e-04, -1.1255e-03, -2.0108e-03, -3.0206e-03,
        -3.8238e-03, -4.1351e-03, -4.3107e-03, -4.4990e-03, -4.1113e-03,
        -2.0411e-03,  8.1468e-04,  2.0862e-03,  1.6742e-03,  4.7251e-04,
        -5.5111e-04, -1.0652e-03, -1.0752e-03, -8.9055e-04, -5.9856e-04,
        -2.2828e-04, -7.0162e-05, -1.7080e-05, -1.1623e-05, -1.0267e-05,
         2.4818e-05,  2.1089e-04,  4.8202e-05, -3.4410e-04, -8.0037e-04,
        -1.4127e-03, -2.3129e-03, -3.1771e-03, -3.7228e-03, -3.9271e-03,
        -4.1409e-03, -4.1695e-03, -3.1024e-03, -3.6888e-04,  1.9922e-03,
         2.2977e-03,  1.1718e-03, -2.8119e-04, -1.1555e-03, -1.4259e-03,
        -1.1805e-03, -8.9823e-04, -5.9098e-04, -2.9201e-04, -7.8131e-05,
        -2.4010e-05, -9.9513e-06, -1.8714e-05,  1.0080e-06,  5.4073e-05,
        -1.8117e-04, -6.2232e-04, -1.0365e-03, -1.6295e-03, -2.4040e-03,
        -3.0405e-03, -3.3507e-03, -3.4463e-03, -3.3844e-03, -2.8088e-03,
        -1.0154e-03,  1.4485e-03,  2.7020e-03,  2.0106e-03,  2.4567e-04,
        -1.0711e-03, -1.6439e-03, -1.5837e-03, -1.2400e-03, -8.7103e-04,
        -5.6810e-04, -2.8244e-04, -9.0407e-05, -2.6191e-05,  0.0000e+00,
         2.3912e-04, -5.3223e-05, -1.3032e-04, -3.7185e-04, -8.6411e-04,
        -1.3111e-03, -1.8318e-03, -2.3781e-03, -2.8505e-03, -3.0740e-03,
        -2.9669e-03, -2.3622e-03, -1.0636e-03,  1.0510e-03,  2.7083e-03,
         2.6248e-03,  1.0053e-03, -9.2883e-04, -1.9009e-03, -2.0027e-03,
        -1.7226e-03, -1.3101e-03, -9.2762e-04, -6.2369e-04, -2.7579e-04,
        -9.2726e-05, -2.9815e-05,  1.5365e-05,  1.2370e-04, -9.8275e-05,
        -2.4095e-04, -4.9555e-04, -1.0259e-03, -1.5076e-03, -2.0143e-03,
        -2.4939e-03, -2.9367e-03, -3.0562e-03, -2.5749e-03, -1.4101e-03,
         3.6939e-04,  2.1472e-03,  2.5777e-03,  1.4531e-03, -5.6716e-04,
        -2.0379e-03, -2.4585e-03, -2.2108e-03, -1.7773e-03, -1.3296e-03,
        -9.0178e-04, -5.3155e-04, -2.5664e-04, -9.2525e-05, -2.5863e-05,
        -9.8436e-06, -2.6863e-05, -1.0345e-04, -2.8781e-04, -5.9092e-04,
        -1.1153e-03, -1.6876e-03, -2.2114e-03, -2.7298e-03, -3.1283e-03,
        -3.0843e-03, -2.2538e-03, -7.9389e-04,  8.6923e-04,  2.0088e-03,
         1.4848e-03, -1.3036e-04, -1.8644e-03, -2.6785e-03, -2.6566e-03,
        -2.1647e-03, -1.6741e-03, -1.2050e-03, -7.7795e-04, -4.2154e-04,
        -1.8714e-04, -7.6773e-05, -2.0534e-05,  0.0000e+00, -2.6226e-05,
        -1.1580e-04, -3.0330e-04, -6.1783e-04, -1.1134e-03, -1.7483e-03,
        -2.3468e-03, -2.8364e-03, -3.0872e-03, -2.8195e-03, -1.9214e-03,
        -5.7416e-04,  6.7809e-04,  9.8611e-04,  9.2289e-05, -1.3283e-03,
        -2.4505e-03, -2.6947e-03, -2.4344e-03, -1.8868e-03, -1.4034e-03,
        -1.0001e-03, -6.4187e-04, -3.7065e-04, -1.9165e-04, -6.9065e-05,
        -1.4114e-05, -9.9353e-06, -2.4539e-05, -1.0739e-04, -2.7359e-04,
        -5.5168e-04, -1.0071e-03, -1.6092e-03, -2.2051e-03, -2.6137e-03,
        -2.6506e-03, -2.2854e-03, -1.4907e-03, -5.0288e-04,  6.7339e-05,
         4.9634e-05, -7.2952e-04, -1.7117e-03, -2.1987e-03, -2.2180e-03,
        -1.9004e-03, -1.4742e-03, -1.0585e-03, -7.4194e-04, -5.0380e-04,
        -3.0073e-04, -1.4593e-04, -5.2209e-05, -9.9503e-06, -9.9316e-06,
        -1.4638e-05, -8.7233e-05, -2.1257e-04, -3.4859e-04, -7.2720e-04,
        -1.2537e-03, -1.6566e-03, -1.8159e-03, -1.7383e-03, -1.3516e-03,
        -8.0336e-04, -1.3632e-04,  9.2242e-05,  2.7703e-05, -5.8819e-04,
        -1.1956e-03, -1.5548e-03, -1.5989e-03, -1.3788e-03, -1.0705e-03,
        -7.5930e-04, -5.6937e-04, -3.8745e-04, -2.2158e-04, -1.0648e-04,
        -3.1922e-05, -9.9801e-06,  0.0000e+00, -9.9074e-06, -5.7779e-05,
        -1.3890e-04, -1.0271e-04, -3.3372e-04, -5.9137e-04, -6.4268e-04,
        -5.8181e-04, -3.6065e-04, -8.4303e-05,  3.0757e-04,  5.8021e-04,
         6.8813e-04,  5.8570e-04,  7.1650e-05, -3.9140e-04, -7.7171e-04,
        -9.0409e-04, -8.6849e-04, -6.9007e-04, -5.2182e-04, -4.3728e-04,
        -2.8110e-04, -1.5987e-04, -5.3870e-05, -2.5539e-05,  0.0000e+00,
         0.0000e+00,  0.0000e+00, -2.5384e-05, -7.4444e-05,  1.2492e-04,
         2.4702e-04,  5.5974e-04,  1.1214e-03,  1.4957e-03,  1.8261e-03,
         2.0706e-03,  2.3231e-03,  2.4676e-03,  2.5132e-03,  2.0641e-03,
         1.5792e-03,  9.7226e-04,  2.3375e-04, -1.5442e-04, -3.3088e-04,
        -2.8906e-04, -2.8362e-04, -3.4535e-04, -2.6827e-04, -8.2258e-05,
        -2.7990e-05, -1.1631e-05,  0.0000e+00,  0.0000e+00,  0.0000e+00,
        -3.3449e-05,  8.8431e-05,  2.5951e-04,  8.7614e-04,  1.9578e-03,
         3.0372e-03,  3.5326e-03,  4.1288e-03,  4.3732e-03,  4.7744e-03,
         5.1841e-03,  5.0177e-03,  4.3120e-03,  3.5479e-03,  2.3144e-03,
         1.2764e-03,  6.6780e-04,  1.1352e-04, -3.9452e-05, -5.0803e-05,
        -1.7450e-04, -1.8475e-04, -8.4415e-06, -1.6760e-05, -9.9922e-06,
         0.0000e+00,  0.0000e+00,  0.0000e+00,  0.0000e+00, -9.9484e-06,
        -2.1474e-05,  3.8294e-04,  1.3756e-03,  2.4619e-03,  3.0301e-03,
         3.5697e-03,  4.2226e-03,  4.9025e-03,  5.4573e-03,  5.3690e-03,
         4.9234e-03,  4.0894e-03,  2.8287e-03,  1.9655e-03,  1.1871e-03,
         4.7709e-04,  6.9110e-05,  1.9022e-04,  2.4512e-04,  2.7902e-05,
        -3.7689e-05, -9.9726e-06,  0.0000e+00,  0.0000e+00,  0.0000e+00,
         0.0000e+00,  0.0000e+00,  0.0000e+00, -1.4173e-05, -2.2201e-05,
         3.2114e-04,  6.0453e-04,  1.0076e-03,  1.2570e-03,  1.2819e-03,
         9.8292e-04,  1.3723e-03,  1.7012e-03,  1.9736e-03,  2.0496e-03,
         1.3008e-03,  9.5184e-04,  5.4088e-04,  2.3133e-04,  1.4489e-04,
        -1.0062e-06, -1.5819e-05, -1.4115e-05,  0.0000e+00,  0.0000e+00,
         0.0000e+00,  0.0000e+00,  0.0000e+00,  0.0000e+00,  0.0000e+00,
         0.0000e+00,  0.0000e+00,  0.0000e+00,  0.0000e+00,  0.0000e+00,
         0.0000e+00,  0.0000e+00,  0.0000e+00,  0.0000e+00, -9.2498e-06,
        -1.2066e-05, -8.5570e-06, -8.3218e-06,  0.0000e+00,  0.0000e+00,
         0.0000e+00,  0.0000e+00,  0.0000e+00,  0.0000e+00,  0.0000e+00,
         0.0000e+00,  0.0000e+00,  0.0000e+00,  0.0000e+00,  0.0000e+00,
         0.0000e+00,  0.0000e+00,  0.0000e+00,  0.0000e+00, -8.4266e-06,
        -1.7216e-05, -3.3823e-05, -3.7555e-05, -7.1953e-05, -1.4815e-04,
        -2.1475e-04, -2.5729e-04, -2.5850e-04, -2.3979e-04, -2.6049e-04,
        -2.0096e-04, -1.1967e-04, -7.9948e-05, -5.9608e-05, -5.2860e-05,
        -4.5754e-05, -2.3164e-05, -1.7453e-05, -9.1810e-06,  0.0000e+00,
         0.0000e+00,  0.0000e+00,  0.0000e+00,  0.0000e+00,  0.0000e+00,
        -8.5309e-06, -1.1228e-05, -1.7860e-05, -2.7753e-05, -8.9856e-05,
        -1.5670e-04, -2.2816e-04, -3.3863e-04, -4.6369e-04, -5.4311e-04,
        -6.5886e-04, -7.4334e-04, -8.5499e-04, -9.1427e-04, -9.1615e-04,
        -8.5048e-04, -7.9146e-04, -6.6948e-04, -5.1279e-04, -3.2377e-04,
        -2.1844e-04, -1.8313e-04, -8.2731e-05, -1.6415e-05,  0.0000e+00,
         0.0000e+00,  0.0000e+00,  0.0000e+00, -1.1245e-05, -1.8584e-05,
        -7.3027e-05, -7.7911e-05, -1.2583e-04, -2.0622e-04, -3.0775e-04,
        -4.4653e-04, -6.3522e-04, -7.6620e-04, -9.0330e-04, -1.0259e-03,
        -1.1634e-03, -1.2383e-03, -1.2250e-03, -1.1814e-03, -1.1889e-03,
        -1.0182e-03, -8.4841e-04, -6.3949e-04, -4.5598e-04, -3.0392e-04,
        -2.1296e-04, -7.2615e-05, -1.3591e-05,  0.0000e+00,  0.0000e+00,
        -8.5067e-06, -1.6265e-05, -3.7781e-05, -7.9649e-05, -1.3349e-04,
        -2.2421e-04, -3.1100e-04, -4.1154e-04, -5.7331e-04, -6.6988e-04,
        -6.7118e-04, -6.0603e-04, -3.9521e-04, -2.6306e-04, -1.8374e-04,
        -1.1318e-04, -5.9580e-05, -1.8547e-04, -2.4061e-04, -2.2108e-04,
        -2.4779e-04, -2.5603e-04, -1.4273e-04, -9.7748e-05, -2.7295e-05,
         1.5759e-05, -1.2072e-05,  0.0000e+00, -8.4732e-06, -3.1989e-05,
        -5.2013e-05, -1.3626e-04, -2.2078e-04, -3.1424e-04, -3.2101e-04,
        -3.8065e-04, -3.8381e-04, -7.5093e-05,  4.3784e-04,  9.6378e-04,
         1.5393e-03,  2.1018e-03,  2.5711e-03,  2.7429e-03,  2.7018e-03,
         2.3976e-03,  1.8113e-03,  1.2872e-03,  8.5233e-04,  4.5860e-04,
         1.1183e-04, -1.4704e-04,  9.9072e-05,  2.5285e-04, -1.7194e-05,
         0.0000e+00, -1.1317e-05, -5.8612e-05, -1.1043e-04, -1.9802e-04,
        -3.0131e-04, -3.2515e-04, -2.0346e-04, -3.2749e-05,  2.4311e-04,
         8.4454e-04,  1.5569e-03,  2.0958e-03,  2.5790e-03,  2.8603e-03,
         2.9861e-03,  2.9680e-03,  2.9869e-03,  2.8038e-03,  2.5547e-03,
         1.9711e-03,  1.5360e-03,  1.0426e-03,  5.8305e-04,  1.4046e-04,
         1.1989e-04,  3.2961e-04, -2.7150e-05, -8.5197e-06, -3.1015e-05,
        -1.4944e-04, -3.0446e-04, -4.0598e-04, -3.8185e-04, -3.1772e-04,
        -6.5624e-05,  1.2347e-04,  5.3091e-04,  1.1838e-03,  1.5480e-03,
         1.6848e-03,  1.4786e-03,  9.9811e-04,  8.5457e-04,  8.9644e-04,
         1.2382e-03,  1.7645e-03,  2.1496e-03,  2.0898e-03,  1.8096e-03,
         1.4899e-03,  1.0933e-03,  5.8104e-04,  2.2518e-04,  1.1839e-04,
        -1.3625e-05, -1.0531e-05, -7.3984e-05, -3.2017e-04, -5.1952e-04,
        -5.7514e-04, -5.1490e-04, -3.7859e-04, -1.6793e-04,  3.6247e-06,
         4.4543e-04,  8.3098e-04,  8.7496e-04,  4.5065e-04, -2.2512e-04,
        -9.7630e-04, -1.2280e-03, -1.1532e-03, -4.9453e-04,  5.6503e-04,
         1.5648e-03,  1.8760e-03,  2.0281e-03,  1.7686e-03,  1.4637e-03,
         9.6983e-04,  4.9183e-04,  2.1748e-04, -3.1560e-05, -1.5664e-05,
        -1.3451e-04, -3.6144e-04, -6.0824e-04, -6.6612e-04, -5.9966e-04,
        -4.9194e-04, -3.0617e-04, -8.6019e-05,  2.4824e-04,  4.9820e-04,
         2.4466e-04, -1.3901e-04, -8.5763e-04, -1.4949e-03, -1.6716e-03,
        -1.3466e-03, -5.0636e-04,  5.2675e-04,  1.5470e-03,  2.0514e-03,
         2.0972e-03,  1.6968e-03,  1.5665e-03,  1.3194e-03,  9.2833e-04,
         4.3035e-04,  2.1663e-04, -1.5952e-05, -1.4861e-04, -3.7716e-04,
        -5.8889e-04, -5.4332e-04, -6.1997e-04, -5.7622e-04, -4.3066e-04,
        -2.4403e-04,  7.5994e-05,  3.8575e-04,  4.1371e-04,  3.2104e-04,
        -3.2507e-04, -8.6146e-04, -8.5882e-04, -2.9701e-04,  4.8614e-04,
         1.2574e-03,  1.7457e-03,  1.9387e-03,  1.8293e-03,  1.4975e-03,
         1.3397e-03,  1.2608e-03,  1.1572e-03,  3.6450e-04,  2.4760e-04,
        -1.6093e-05, -1.2255e-04, -3.2467e-04, -4.9650e-04, -4.8275e-04,
        -6.0588e-04, -7.2579e-04, -7.8807e-04, -5.5221e-04, -8.5946e-05,
         5.4816e-04,  1.1001e-03,  1.4337e-03,  9.8846e-04,  4.2348e-04,
         4.6762e-04,  1.0318e-03,  1.4734e-03,  1.5197e-03,  1.4071e-03,
         1.2614e-03,  9.9490e-04,  8.0741e-04,  5.9427e-04,  7.1605e-04,
         9.1394e-04,  2.6187e-04, -2.1698e-05, -5.2798e-05, -8.8736e-05,
        -2.1606e-04, -3.8011e-04, -4.6316e-04, -6.5185e-04, -9.7761e-04,
        -1.2693e-03, -1.1228e-03, -5.8641e-04,  4.4203e-04,  1.7063e-03,
         2.6070e-03,  2.4469e-03,  1.8268e-03,  1.8595e-03,  2.0029e-03,
         1.4899e-03,  8.2724e-04,  4.1563e-04,  1.2866e-04, -5.4402e-05,
        -1.4954e-04, -1.7383e-04,  3.8922e-05,  2.4748e-04, -2.3112e-05,
        -2.0798e-05, -8.4965e-06, -4.0607e-05, -8.2875e-05, -2.8241e-04,
        -5.2097e-04, -7.4987e-04, -1.2179e-03, -1.6520e-03, -1.7947e-03,
        -1.3793e-03, -1.4754e-04,  1.7177e-03,  3.4365e-03,  3.5590e-03,
         2.9333e-03,  2.7175e-03,  1.9885e-03,  5.4252e-04, -5.9493e-04,
        -9.9141e-04, -1.0439e-03, -9.2176e-04, -6.6885e-04, -5.2200e-04,
        -2.9402e-04,  7.7891e-06,  4.2008e-05, -1.5526e-05, -8.5458e-06,
        -1.7811e-05, -5.5395e-05, -2.3769e-04, -5.4690e-04, -8.7418e-04,
        -1.3426e-03, -1.8437e-03, -2.1745e-03, -1.9594e-03, -6.8842e-04,
         1.4116e-03,  3.4398e-03,  3.9909e-03,  3.5503e-03,  2.7813e-03,
         1.1149e-03, -7.8484e-04, -1.8285e-03, -1.8911e-03, -1.6161e-03,
        -1.3169e-03, -1.0068e-03, -7.3163e-04, -4.1169e-04,  1.6855e-05,
         4.2900e-05, -1.4607e-05, -9.9400e-06, -8.7805e-06, -4.2029e-05,
        -2.0726e-04, -5.0388e-04, -8.9236e-04, -1.3384e-03, -1.7547e-03,
        -2.1035e-03, -1.7382e-03, -4.3860e-04,  1.6385e-03,  3.5667e-03,
         3.9279e-03,  3.2464e-03,  2.0051e-03,  2.3431e-04, -1.4406e-03,
        -2.1136e-03, -1.9853e-03, -1.7504e-03, -1.5109e-03, -1.1596e-03,
        -7.8729e-04, -4.5668e-04, -1.5521e-04, -6.6211e-05, -2.0533e-05,
        -8.5104e-06, -1.6004e-05, -5.7576e-05, -1.8225e-04, -4.6036e-04,
        -8.6798e-04, -1.2059e-03, -1.4545e-03, -1.4266e-03, -8.2036e-04,
         8.9500e-04,  2.7111e-03,  3.8094e-03,  3.2978e-03,  2.1923e-03,
         9.9272e-04, -1.1056e-04, -1.2017e-03, -1.6445e-03, -1.7403e-03,
        -1.6828e-03, -1.4482e-03, -1.1120e-03, -7.1953e-04, -3.8848e-04,
        -1.9473e-04, -8.2724e-05, -2.2398e-05,  0.0000e+00, -4.6682e-05,
        -6.5183e-05, -1.8566e-04, -4.5016e-04, -8.0945e-04, -9.9434e-04,
        -8.6614e-04, -4.0564e-04,  7.5732e-04,  2.4570e-03,  3.6514e-03,
         3.5148e-03,  2.0848e-03,  7.3707e-04,  1.2434e-04, -1.7338e-04,
        -7.0800e-04, -1.1488e-03, -1.3804e-03, -1.3920e-03, -1.2144e-03,
        -8.9426e-04, -5.7015e-04, -3.1968e-04, -1.9670e-04, -8.5015e-05,
        -2.5498e-05, -1.7818e-05, -3.1059e-05, -8.4931e-05, -2.2001e-04,
        -4.9861e-04, -7.2712e-04, -6.6092e-04, -1.4934e-04,  7.9868e-04,
         2.0972e-03,  3.2993e-03,  3.4066e-03,  2.1726e-03,  4.6723e-04,
        -6.3575e-04, -5.6904e-04, -3.4272e-04, -4.7358e-04, -8.1432e-04,
        -9.8048e-04, -9.9250e-04, -8.2374e-04, -6.2811e-04, -4.3844e-04,
        -3.0481e-04, -1.5535e-04, -8.3076e-05, -2.2117e-05, -8.4182e-06,
        -2.2974e-05, -8.8469e-05, -2.4866e-04, -5.0449e-04, -5.7750e-04,
        -3.2692e-04,  4.7388e-04,  1.6174e-03,  2.6325e-03,  2.9504e-03,
         2.1362e-03,  4.1881e-04, -1.0240e-03, -1.5399e-03, -1.1292e-03,
        -4.2475e-04, -4.2980e-04, -4.2956e-04, -4.6996e-04, -5.0884e-04,
        -4.2536e-04, -3.4218e-04, -3.2142e-04, -3.1921e-04, -1.3372e-04,
        -6.5656e-05, -1.7560e-05,  0.0000e+00, -2.2428e-05, -9.9339e-05,
        -2.6234e-04, -4.7085e-04, -4.0482e-04,  4.4124e-05,  9.0253e-04,
         1.8137e-03,  2.5046e-03,  2.2818e-03,  9.9347e-04, -7.1817e-04,
        -1.6540e-03, -1.6508e-03, -9.2456e-04, -2.0616e-04, -8.9729e-05,
         3.7098e-05,  1.2847e-04,  1.8804e-05, -7.7358e-05, -1.7285e-04,
        -3.0630e-04, -2.2550e-04, -8.5270e-05, -5.9064e-05, -1.2070e-05,
        -8.4965e-06, -2.0986e-05, -9.1836e-05, -2.3587e-04, -3.9035e-04,
        -2.3995e-04,  3.5182e-04,  1.0958e-03,  1.8034e-03,  2.3732e-03,
         2.1006e-03,  1.1267e-03, -1.0922e-05, -4.7718e-04, -3.7058e-04,
         2.4799e-04,  6.9828e-04,  7.1552e-04,  7.7964e-04,  7.0735e-04,
         4.4220e-04,  1.0975e-04, -1.3123e-04, -2.1921e-04, -2.1627e-04,
        -6.3474e-05, -4.4649e-05, -8.5090e-06, -8.4937e-06, -1.2519e-05,
        -7.4603e-05, -1.8265e-04, -2.9264e-04,  6.4094e-06,  6.2541e-04,
         1.2246e-03,  1.9074e-03,  2.4837e-03,  2.6881e-03,  2.6363e-03,
         2.2987e-03,  2.0255e-03,  1.9281e-03,  1.9964e-03,  1.7920e-03,
         1.5036e-03,  1.2227e-03,  8.5738e-04,  4.7637e-04,  1.1914e-04,
        -1.0373e-04, -1.9598e-04, -1.4460e-04,  9.4557e-06, -2.7301e-05,
        -8.5346e-06,  0.0000e+00, -8.4732e-06, -4.9414e-05, -1.2014e-04,
        -2.5439e-04,  7.2049e-05,  6.2950e-04,  1.1281e-03,  1.8039e-03,
         2.3772e-03,  2.8637e-03,  3.2067e-03,  3.5000e-03,  3.3757e-03,
         2.9568e-03,  2.5452e-03,  1.9547e-03,  1.4082e-03,  1.0017e-03,
         6.1860e-04,  1.9720e-04,  2.3088e-05, -5.5404e-05, -1.4702e-04,
        -1.1749e-04, -4.6069e-05, -2.1841e-05,  0.0000e+00,  0.0000e+00,
         0.0000e+00, -2.1709e-05, -6.3665e-05, -1.9380e-04, -1.5736e-05,
         3.1992e-04,  5.9931e-04,  9.7532e-04,  1.3067e-03,  1.6052e-03,
         1.7844e-03,  1.9092e-03,  1.8804e-03,  1.6070e-03,  1.2466e-03,
         8.3813e-04,  3.9256e-04,  1.9210e-04, -7.6741e-06, -2.4437e-04,
        -2.1023e-04, -1.0936e-04, -2.0550e-04, -1.0900e-04, -2.3939e-05,
        -9.9465e-06,  0.0000e+00,  0.0000e+00,  0.0000e+00, -4.2498e-05,
        -3.6079e-05, -1.3873e-04, -2.5875e-04, -3.7562e-04, -6.2905e-04,
        -8.7375e-04, -1.1314e-03, -1.3094e-03, -1.4472e-03, -1.4549e-03,
        -1.2979e-03, -1.0854e-03, -9.8829e-04, -1.0305e-03, -9.3691e-04,
        -8.0303e-04, -5.8994e-04, -4.6569e-04, -4.1215e-04, -2.6986e-04,
        -2.1756e-04, -9.2283e-05, -1.4333e-05, -8.5449e-06,  0.0000e+00,
         0.0000e+00,  0.0000e+00,  0.0000e+00, -8.5067e-06, -1.5203e-04,
        -2.0093e-04, -3.3793e-04, -5.4115e-04, -7.6189e-04, -9.7331e-04,
        -1.1753e-03, -1.3479e-03, -1.4035e-03, -1.3511e-03, -1.2317e-03,
        -1.0681e-03, -9.2233e-04, -7.6569e-04, -6.1308e-04, -4.4499e-04,
        -3.5394e-04, -2.6028e-04, -1.7400e-04, -1.2238e-04, -6.4638e-05,
        -8.5281e-06,  0.0000e+00,  0.0000e+00,  0.0000e+00,  0.0000e+00,
         0.0000e+00,  0.0000e+00, -1.2120e-05, -1.8986e-05, -8.8174e-05,
        -1.3478e-04, -1.9760e-04, -2.5038e-04, -3.2479e-04, -2.8245e-04,
        -3.4871e-04, -3.9674e-04, -4.0657e-04, -3.8945e-04, -2.9022e-04,
        -2.2532e-04, -1.6606e-04, -8.9411e-05, -6.5087e-05, -4.0473e-05,
        -3.2879e-05, -1.2072e-05,  0.0000e+00,  0.0000e+00,  0.0000e+00,
         0.0000e+00,  0.0000e+00,  0.0000e+00,  0.0000e+00,  0.0000e+00,
         0.0000e+00,  0.0000e+00,  0.0000e+00,  0.0000e+00,  0.0000e+00,
         0.0000e+00,  0.0000e+00,  0.0000e+00, -8.8848e-06, -1.1589e-05,
        -8.2183e-06, -7.9945e-06,  0.0000e+00,  0.0000e+00,  0.0000e+00,
         0.0000e+00,  0.0000e+00,  0.0000e+00,  0.0000e+00,  0.0000e+00,
         0.0000e+00,  0.0000e+00,  0.0000e+00,  0.0000e+00,  0.0000e+00,
         0.0000e+00,  0.0000e+00,  0.0000e+00, -8.0951e-06, -1.8153e-05,
        -3.8040e-05, -4.0613e-05, -5.8092e-05, -1.3300e-04, -2.2049e-04,
        -2.5393e-04, -2.3952e-04, -2.2883e-04, -2.4921e-04, -2.3406e-04,
        -2.0509e-04, -1.7961e-04, -1.0874e-04, -7.9925e-05, -6.8890e-05,
        -2.2443e-05, -1.6764e-05, -8.8178e-06,  0.0000e+00,  0.0000e+00,
         0.0000e+00,  0.0000e+00,  0.0000e+00,  0.0000e+00, -8.1938e-06,
        -1.0785e-05, -1.7155e-05, -2.7988e-05, -8.8861e-05, -1.6971e-04,
        -2.4893e-04, -3.3826e-04, -4.5973e-04, -5.7073e-04, -6.9547e-04,
        -7.2783e-04, -8.2976e-04, -9.3948e-04, -9.6793e-04, -8.9142e-04,
        -8.0963e-04, -6.8030e-04, -5.1437e-04, -3.3157e-04, -2.3786e-04,
        -2.1862e-04, -8.6706e-05, -1.5768e-05,  0.0000e+00,  0.0000e+00,
         0.0000e+00,  0.0000e+00, -1.0801e-05, -1.7850e-05, -4.8365e-05,
        -7.1582e-05, -1.2591e-04, -2.1641e-04, -3.4177e-04, -4.7860e-04,
        -6.5854e-04, -8.0621e-04, -9.2981e-04, -1.0549e-03, -1.2461e-03,
        -1.3752e-03, -1.4010e-03, -1.3402e-03, -1.2445e-03, -1.0660e-03,
        -8.8641e-04, -6.5315e-04, -4.6312e-04, -3.1715e-04, -2.1232e-04,
        -6.9506e-05, -1.3055e-05,  0.0000e+00,  0.0000e+00, -8.1714e-06,
        -1.5622e-05, -4.1088e-05, -6.7836e-05, -1.2241e-04, -2.2650e-04,
        -3.5842e-04, -5.1902e-04, -7.4604e-04, -9.5384e-04, -1.1616e-03,
        -1.3840e-03, -1.6548e-03, -1.9113e-03, -2.0355e-03, -2.0504e-03,
        -1.9522e-03, -1.7296e-03, -1.4735e-03, -1.2268e-03, -1.0309e-03,
        -8.5346e-04, -6.6823e-04, -4.4228e-04, -2.1529e-04, -4.8636e-05,
        -1.1593e-05,  0.0000e+00, -8.1388e-06, -2.9929e-05, -5.2589e-05,
        -1.2527e-04, -2.2583e-04, -3.9454e-04, -5.8400e-04, -8.2724e-04,
        -1.1301e-03, -1.3800e-03, -1.6678e-03, -2.0204e-03, -2.3965e-03,
        -2.7536e-03, -2.9637e-03, -2.9612e-03, -2.7609e-03, -2.4294e-03,
        -2.0471e-03, -1.7275e-03, -1.4941e-03, -1.2788e-03, -1.0313e-03,
        -7.4448e-04, -4.2144e-04, -1.9093e-04, -1.6514e-05,  0.0000e+00,
        -1.0870e-05, -5.1418e-05, -1.0404e-04, -2.0915e-04, -4.0365e-04,
        -6.1671e-04, -8.4481e-04, -1.1079e-03, -1.3261e-03, -1.5004e-03,
        -1.5693e-03, -1.4909e-03, -1.1564e-03, -7.1792e-04, -3.8437e-04,
        -3.2350e-04, -5.2294e-04, -8.3142e-04, -1.2272e-03, -1.4102e-03,
        -1.4880e-03, -1.4492e-03, -1.2650e-03, -9.6238e-04, -5.7886e-04,
        -2.9183e-04, -7.5273e-05, -5.0215e-05, -5.0008e-05, -1.3450e-04,
        -2.8790e-04, -4.5105e-04, -6.8809e-04, -8.7846e-04, -1.0976e-03,
        -1.1944e-03, -1.2076e-03, -9.1403e-04, -4.4861e-04,  4.1811e-04,
         1.4048e-03,  2.1936e-03,  2.6200e-03,  2.4844e-03,  1.7330e-03,
         6.7311e-04, -2.4144e-04, -8.2814e-04, -1.2293e-03, -1.3125e-03,
        -1.2962e-03, -1.0493e-03, -7.0791e-04, -3.1385e-04, -8.2548e-05,
        -5.0792e-05, -6.7603e-05, -2.9171e-04, -4.8840e-04, -6.1811e-04,
        -8.1948e-04, -9.5227e-04, -1.0007e-03, -8.5218e-04, -4.1748e-04,
         2.0940e-04,  1.1108e-03,  1.7841e-03,  2.0915e-03,  2.0207e-03,
         2.0075e-03,  1.9466e-03,  1.7474e-03,  1.1491e-03,  2.5854e-04,
        -3.8935e-04, -8.9519e-04, -1.1113e-03, -1.2147e-03, -1.0072e-03,
        -7.2037e-04, -2.9820e-04, -7.6801e-05, -2.0359e-05, -1.0782e-04,
        -3.2514e-04, -5.4604e-04, -6.4907e-04, -6.9636e-04, -6.9772e-04,
        -5.2776e-04, -3.5209e-05,  6.7794e-04,  1.3586e-03,  1.5646e-03,
         1.1742e-03,  4.8312e-04, -6.5932e-05, -1.6931e-04,  3.9558e-04,
         9.7081e-04,  1.1306e-03,  6.1858e-04, -9.2548e-05, -7.1419e-04,
        -9.5846e-04, -9.9328e-04, -8.5085e-04, -7.1723e-04, -2.7267e-04,
        -6.4388e-05, -1.5322e-05, -1.4987e-04, -3.6658e-04, -4.9623e-04,
        -4.4137e-04, -2.7292e-04, -1.7472e-04,  3.3660e-04,  1.0792e-03,
         1.7305e-03,  1.7076e-03,  8.9069e-04, -3.1577e-04, -1.3010e-03,
        -1.6183e-03, -1.0762e-03,  1.5030e-05,  1.0532e-03,  1.6185e-03,
         1.3354e-03,  3.9366e-04, -3.8742e-04, -7.1615e-04, -7.6386e-04,
        -6.4758e-04, -5.5314e-04, -2.4733e-04, -5.8845e-05, -1.5456e-05,
        -1.3038e-04, -2.9241e-04, -3.0854e-04, -1.9388e-06,  2.5002e-04,
         5.3379e-04,  1.2468e-03,  1.9818e-03,  2.1351e-03,  1.2210e-03,
        -2.9305e-04, -1.6718e-03, -2.1587e-03, -1.6853e-03, -6.3669e-04,
         5.7505e-04,  1.7749e-03,  2.3053e-03,  1.8544e-03,  7.4998e-04,
        -1.4367e-04, -5.6398e-04, -6.4748e-04, -5.5661e-04, -3.5328e-04,
        -1.2585e-04, -2.0839e-05, -3.4880e-05, -7.7957e-05, -1.8310e-04,
         3.2911e-05,  5.0265e-04,  6.1486e-04,  1.0838e-03,  1.8732e-03,
         2.4136e-03,  2.0425e-03,  6.1846e-04, -1.1027e-03, -1.8975e-03,
        -1.7277e-03, -9.6285e-04,  1.0073e-04,  1.3914e-03,  2.5065e-03,
         2.5756e-03,  1.7349e-03,  4.7961e-04, -3.4889e-04, -6.2634e-04,
        -6.4346e-04, -5.2276e-04, -2.9710e-04, -7.3811e-05, -1.9977e-05,
        -8.1609e-06, -3.8714e-05, -1.3046e-04,  2.3331e-04,  7.2522e-04,
         8.0150e-04,  1.3488e-03,  2.1184e-03,  2.4612e-03,  1.8518e-03,
         4.6137e-04, -6.9372e-04, -8.7045e-04, -5.7738e-04,  5.9981e-05,
         1.0186e-03,  2.0659e-03,  2.6600e-03,  2.4142e-03,  1.1324e-03,
        -1.8702e-04, -8.3446e-04, -9.4933e-04, -8.1365e-04, -5.8080e-04,
        -2.7463e-04, -6.0804e-05, -1.4913e-05, -8.2087e-06, -2.3510e-05,
        -1.1758e-04,  3.2664e-04,  6.6477e-04,  7.4461e-04,  1.2039e-03,
         1.8955e-03,  2.2865e-03,  2.0372e-03,  1.2139e-03,  7.2200e-04,
         6.0227e-04,  5.9078e-04,  8.2211e-04,  1.2772e-03,  2.2224e-03,
         2.6931e-03,  1.9623e-03,  2.4960e-04, -9.7543e-04, -1.3040e-03,
        -1.1844e-03, -9.7876e-04, -6.6371e-04, -3.1779e-04, -6.2522e-05,
        -1.4031e-05, -9.5479e-06, -8.4341e-06, -5.3700e-05,  9.8437e-05,
         3.7738e-04,  4.3871e-04,  7.3227e-04,  1.2316e-03,  1.7633e-03,
         2.0032e-03,  1.8759e-03,  1.6376e-03,  1.2689e-03,  8.0317e-04,
         4.8320e-04,  1.0527e-03,  2.2311e-03,  2.5777e-03,  1.2545e-03,
        -5.2260e-04, -1.4744e-03, -1.5964e-03, -1.3364e-03, -1.0243e-03,
        -6.6863e-04, -3.2415e-04, -6.4743e-05, -1.9722e-05, -8.1742e-06,
        -1.5371e-05, -5.3337e-05, -7.2704e-05, -6.5347e-05, -7.8572e-05,
         6.7027e-05,  3.5373e-04,  7.6049e-04,  1.0792e-03,  1.2404e-03,
         1.1711e-03,  5.9592e-04, -8.6859e-05, -1.1273e-04,  1.1613e-03,
         2.3731e-03,  2.1976e-03,  4.9917e-04, -1.1354e-03, -1.7343e-03,
        -1.7033e-03, -1.3657e-03, -1.0353e-03, -6.5622e-04, -3.2650e-04,
        -8.4146e-05, -2.1514e-05,  0.0000e+00, -5.5503e-05, -1.5916e-05,
        -1.4939e-04, -3.6707e-04, -5.6820e-04, -6.3906e-04, -6.1984e-04,
        -5.6773e-04, -4.9119e-04, -4.8665e-04, -6.0505e-04, -8.4858e-04,
        -8.9954e-04, -5.3203e-05,  1.3819e-03,  2.1251e-03,  1.3521e-03,
        -3.8167e-04, -1.4955e-03, -1.8462e-03, -1.6897e-03, -1.3395e-03,
        -9.7162e-04, -6.1049e-04, -3.0129e-04, -8.5458e-05, -2.4492e-05,
         4.4770e-04, -3.5643e-05,  6.5442e-06, -2.0368e-04, -4.6641e-04,
        -8.5929e-04, -1.1572e-03, -1.4156e-03, -1.6818e-03, -1.9081e-03,
        -2.0812e-03, -2.1043e-03, -1.9124e-03, -1.1676e-03,  1.6687e-04,
         1.1768e-03,  1.2631e-03,  1.9998e-04, -1.0837e-03, -1.7167e-03,
        -1.7775e-03, -1.5461e-03, -1.1772e-03, -8.2432e-04, -5.1039e-04,
        -2.4171e-04, -7.8965e-05, -2.1244e-05, -8.0857e-06, -2.2067e-05,
        -8.4975e-05, -2.3742e-04, -5.4262e-04, -9.7744e-04, -1.4550e-03,
        -1.8802e-03, -2.3367e-03, -2.7509e-03, -3.0213e-03, -2.9316e-03,
        -2.2662e-03, -1.0721e-03,  1.3852e-05,  4.5984e-04,  4.0392e-05,
        -7.0409e-04, -1.4637e-03, -1.6523e-03, -1.5553e-03, -1.3012e-03,
        -9.4537e-04, -6.5261e-04, -3.6358e-04, -1.6600e-04, -6.3064e-05,
        -1.6867e-05,  0.0000e+00, -2.1541e-05, -7.3345e-05, -2.5052e-04,
        -5.3696e-04, -9.7171e-04, -1.4889e-03, -2.0091e-03, -2.5108e-03,
        -3.0007e-03, -3.3250e-03, -3.1530e-03, -2.2611e-03, -1.1315e-03,
        -5.7560e-04, -5.2880e-04, -8.4283e-04, -1.0758e-03, -1.3427e-03,
        -1.2984e-03, -1.1205e-03, -9.0493e-04, -6.4223e-04, -4.3076e-04,
        -2.3541e-04, -8.5000e-05, -5.6732e-05, -1.1593e-05, -8.1602e-06,
        -2.0158e-05, -8.8209e-05, -2.2463e-04, -4.7151e-04, -8.7669e-04,
        -1.3893e-03, -1.9389e-03, -2.4486e-03, -2.9148e-03, -3.1970e-03,
        -2.8475e-03, -2.0639e-03, -1.3343e-03, -1.1389e-03, -1.0828e-03,
        -1.0158e-03, -8.0428e-04, -7.7787e-04, -7.1999e-04, -5.0172e-04,
        -4.4285e-04, -2.8776e-04, -1.6361e-04, -7.8810e-05, -5.4968e-05,
        -4.2886e-05, -8.1733e-06, -8.1584e-06, -1.2023e-05, -7.1656e-05,
        -1.7438e-04, -3.6476e-04, -6.8828e-04, -1.1587e-03, -1.6348e-03,
        -2.0928e-03, -2.4793e-03, -2.5134e-03, -2.0330e-03, -1.4319e-03,
        -1.1085e-03, -1.0729e-03, -8.7977e-04, -4.8466e-04, -4.6637e-05,
         6.6918e-05,  8.5420e-05,  2.3229e-04,  1.7338e-04,  1.6031e-04,
         2.0394e-04,  4.6504e-05, -8.7710e-05, -2.6222e-05, -8.1984e-06,
         0.0000e+00, -8.1379e-06, -4.7462e-05, -1.1547e-04, -2.6395e-04,
        -4.4483e-04, -7.9398e-04, -1.1273e-03, -1.4238e-03, -1.5826e-03,
        -1.3671e-03, -9.3218e-04, -6.5830e-04, -5.5135e-04, -4.8578e-04,
        -1.8438e-04,  4.5636e-04,  1.0389e-03,  1.1761e-03,  1.2205e-03,
         1.2630e-03,  9.8472e-04,  6.7586e-04,  3.8363e-04,  2.2003e-04,
        -4.4249e-05, -2.0979e-05,  0.0000e+00,  0.0000e+00,  0.0000e+00,
        -2.0852e-05, -6.1151e-05, -1.5919e-04, -1.3390e-04, -2.9129e-04,
        -4.4070e-04, -3.6968e-04, -1.6950e-04,  4.0095e-04,  7.4803e-04,
         8.2099e-04,  6.6552e-04,  7.5018e-04,  1.1861e-03,  1.8840e-03,
         2.5355e-03,  2.5992e-03,  2.3872e-03,  2.3386e-03,  1.7459e-03,
         1.1455e-03,  1.0599e-03,  2.5793e-04, -2.2992e-05, -9.5535e-06,
         0.0000e+00,  0.0000e+00,  0.0000e+00, -1.0937e-05, -3.4534e-05,
        -1.0891e-04,  4.8085e-05,  3.4375e-05,  1.3313e-04,  5.6158e-04,
         1.2479e-03,  2.0009e-03,  2.4814e-03,  2.3594e-03,  2.1504e-03,
         2.1674e-03,  2.2799e-03,  2.9852e-03,  3.2998e-03,  3.0385e-03,
         2.6492e-03,  2.2680e-03,  1.9902e-03,  1.2082e-03,  1.1653e-03,
         1.2588e-04, -1.3767e-05, -8.2068e-06,  0.0000e+00,  0.0000e+00,
         0.0000e+00,  0.0000e+00, -8.1714e-06,  9.3315e-05, -3.2195e-05,
        -1.1276e-04, -9.9589e-05,  2.4514e-04,  4.4017e-04,  6.2845e-04,
         1.0249e-03,  9.0383e-04,  6.5559e-04,  4.8610e-04,  4.6873e-04,
         9.1061e-04,  1.1109e-03,  1.3862e-03,  1.2779e-03,  1.3889e-03,
         9.4026e-04,  5.2783e-04,  7.9417e-04,  6.7274e-04, -8.1919e-06,
         0.0000e+00,  0.0000e+00,  0.0000e+00,  0.0000e+00,  0.0000e+00,
         0.0000e+00, -1.1642e-05, -1.8237e-05, -4.5607e-05, -6.8335e-05,
        -1.0562e-04, -1.9884e-04, -1.8505e-04, -2.7540e-04, -3.5417e-04,
        -3.0685e-04, -2.6445e-04, -3.4250e-04, -2.8731e-04, -2.3361e-04,
        -6.4662e-05,  4.2919e-05,  2.2287e-05, -6.9551e-06,  2.6002e-04,
        -1.1595e-05,  0.0000e+00,  0.0000e+00,  0.0000e+00,  0.0000e+00,
        -2.3816e-03, -2.3791e-03, -2.3576e-03, -2.3160e-03, -2.3251e-03,
         2.0561e-03,  2.4679e-03,  2.6503e-03,  2.2665e-03,  2.1770e-03])